<?xml version='1.0' encoding='ISO-8859-1' ?>

<WebWorksHelpIX version="4.0">
 <g t="A" o="002">
  <i t="argument message (inbound web service)">
   <j l="34#wp1006075" />
  </i>
  <i t="authoring repository">
   <j l="5#wp1000661" />
  </i>
 </g>
 <g t="B" o="002">
  <i t="behavior model">
   <j l="22#wp1001072" />
  </i>
 </g>
 <g t="C" o="002">
  <i t="callOWS() java action">
   <j l="43#wp1011791" />
  </i>
  <i t="class hierarchy">
   <j l="48#wp1005173" />
  </i>
  <i t="class operation">
   <j l="46#wp1004169" />
  </i>
  <i t="content view">
   <j l="7#wp1008163" />
  </i>
  <i t="conversion">
   <i t="E2M">
    <j l="28#wp1000642" />
   </i>
   <i t="M2E">
    <j l="21#wp1000766" />
   </i>
  </i>
  <i t="custom queries">
   <i t="attributes">
    <j l="58#wp1009188" />
   </i>
  </i>
 </g>
 <g t="D" o="002">
  <i t="data path">
   <j l="22#wp1001080" />
  </i>
  <i t="deployment (inbound web service)">
   <j l="34#wp1006482" />
  </i>
 </g>
 <g t="E" o="002">
  <i t="event">
   <j l="21#wp1000571" />
  </i>
  <i t="execution repository">
   <j l="5#wp1000759" />
  </i>
 </g>
 <g t="F" o="002">
  <i t="factory">
   <j l="22#wp1001071" />
  </i>
  <i t="FROM SQL statement">
   <j l="58#wp1009188" />
  </i>
 </g>
 <g t="I" o="002">
  <i t="importing a WSDL">
   <j l="42#wp1004793" />
  </i>
  <i t="inbound web service">
   <i t="deployment, viewing">
    <j l="37" />
   </i>
   <i t="executing">
    <j l="38" />
   </i>
  </i>
  <i t="inbound web service deployment">
   <j l="34#wp1006482" />
  </i>
  <i t="inbound web services">
   <j l="51#wp1000290" />
  </i>
  <i t="information model">
   <j l="8" />
  </i>
  <i t="inheritance">
   <j l="46#wp1004213" />
  </i>
  <i t="Is Sequenceable">
   <j l="27#wp1000529" />
  </i>
 </g>
 <g t="J" o="002">
  <i t="Java action">
   <j l="39#wp1000294" />
  </i>
 </g>
 <g t="M" o="002">
  <i t="master information model (MIM)">
   <j l="8#wp1001149" />
  </i>
  <i t="message definitions">
   <j l="24#wp1002199" />
  </i>
  <i t="message model">
   <j l="21" />
  </i>
  <i t="method body">
   <j l="46#wp1004844" />
   <j l="50#wp1004253" />
  </i>
  <i t="model container">
   <j l="7" />
  </i>
 </g>
 <g t="O" o="002">
  <i t="operation">
   <i t="class operation">
    <j l="46#wp1004169" />
   </i>
  </i>
  <i t="operations, invoking">
   <j l="50#wp1002309" />
  </i>
  <i t="outbound web service">
   <i t="creating">
    <j l="42#wp1004793" />
   </i>
  </i>
  <i t="outbound web services">
   <j l="39#wp1002026" />
  </i>
 </g>
 <g t="P" o="002">
  <i t="PEAR repository">
   <j l="5#wp1000759" />
  </i>
 </g>
 <g t="R" o="002">
  <i t="repository">
   <i t="authoring">
    <j l="5#wp1000661" />
   </i>
   <i t="authoring, loading">
    <j l="6#wp1000748" />
   </i>
   <i t="execution">
    <j l="5#wp1000759" />
   </i>
   <i t="PEAR">
    <j l="5#wp1000759" />
   </i>
   <i t="run-time">
    <j l="5#wp1000759" />
   </i>
  </i>
  <i t="result message (inbound web service)">
   <j l="34#wp1006136" />
  </i>
  <i t="role">
   <j l="8#wp1004231" />
   <j l="8#wp1005419" />
   <j l="48#wp1010842" />
   <j l="57#wp1008995" />
  </i>
  <i t="run -ime repository">
   <j l="5#wp1000759" />
  </i>
 </g>
 <g t="S" o="002">
  <i t="SELECT SQL statement">
   <j l="58#wp1009188" />
  </i>
  <i t="sequenceable">
   <j l="27#wp1000529" />
  </i>
  <i t="signature">
   <j l="46#wp1004169" />
  </i>
  <i t="start event">
   <j l="22#wp1001457" />
   <j l="50#wp1007473" />
  </i>
  <i t="state machine">
   <j l="22#wp1001381" />
  </i>
  <i t="states">
   <j l="22#wp1001572" />
  </i>
 </g>
 <g t="T" o="002">
  <i t="transitions">
   <j l="22#wp1001572" />
  </i>
  <i t="tree view">
   <j l="7#wp1000979" />
  </i>
 </g>
 <g t="V" o="002">
  <i t="views">
   <j l="7#wp1008163" />
  </i>
 </g>
 <g t="W" o="002">
  <i t="WSDL">
   <i t="importing">
    <j l="42#wp1004793" />
   </i>
  </i>
 </g>
</WebWorksHelpIX>
