<?xml version='1.0' encoding='ISO-8859-1' ?>

<WebWorksHelpTOC version="4.0">
 <i t="Preface" l="1">
  <i t="Cogility Studio documentation" l="2" />
 </i>
 <i t="Information modeling" l="3">
  <i t="Building the model" l="4" />
  <i t="Repositories" l="5">
   <i t="Authoring repository" l="5#wp1000661" />
   <i t="Run-time repository" l="5#wp1000759" />
  </i>
  <i t="Starting Cogility Modeler" l="6">
   <i t="Loading the model repository" l="6#wp1000748" />
   <i t="Logging in" l="6#wp1000806" />
  </i>
  <i t="Defining the model container" l="7" />
  <i t="Creating the information model" l="8">
   <i t="Master Information Model" l="8#wp1001195" />
   <i t="Classes" l="8#wp1003768" />
   <i t="Class diagram" l="8#wp1003678">
    <i t="Customer class" l="8#wp1003822" />
    <i t="Order class" l="8#wp1003599" />
    <i t="Address class" l="8#wp1003993" />
    <i t="Product class" l="8#wp1005207" />
   </i>
   <i t="Class inheritance" l="8#wp1004709">
    <i t="Subclasses" l="8#wp1004762" />
    <i t="Hierarchy" l="8#wp1004756" />
   </i>
   <i t="Class relationships" l="8#wp1004074">
    <i t="Associations" l="8#wp1004148" />
    <i t="Association classes" l="8#wp1004225" />
   </i>
  </i>
  <i t="Turn over and push" l="9" />
 </i>
 <i t="Using action semantics" l="10">
  <i t="Importing the existing model" l="11" />
  <i t="Hello world" l="12" />
  <i t="Cogility Action Pad" l="13">
   <i t="Working with action semantics" l="13#wp1006770" />
   <i t="Compiling and executing" l="13#wp1006803" />
   <i t="Working with action pads" l="13#wp1006646" />
  </i>
  <i t="Object instance" l="14" />
  <i t="Locating objects" l="15" />
  <i t="Flow control" l="16" />
  <i t="Creating associations" l="17" />
  <i t="Working with collections" l="18" />
 </i>
 <i t="Inbound JMS" l="19">
  <i t="Importing the existing model" l="20" />
  <i t="Message model" l="21">
   <i t="Creating the event artifact" l="21#wp1000571" />
   <i t="Creating the conversion artifact" l="21#wp1000766" />
  </i>
  <i t="Object creation" l="22">
   <i t="Creating an instance with a factory" l="22#wp1001071" />
   <i t="Behavior model" l="22#wp1001072" />
  </i>
  <i t="Turn over and push" l="23" />
  <i t="Executing the model" l="24">
   <i t="Exporting message definitions" l="24#wp1002199" />
   <i t="Running Cogility Message Traffic Viewer" l="24#wp1002339" />
   <i t="Running Cogility Insight" l="24#wp1002741" />
  </i>
 </i>
 <i t="Outbound JMS" l="25">
  <i t="Importing the existing model" l="26" />
  <i t="Adding a new attribute" l="27" />
  <i t="Extending the message model" l="28">
   <i t="Creating the event artifact" l="28#wp1000582" />
   <i t="Creating the conversion artifact" l="28#wp1000642" />
  </i>
  <i t="Updating factory behavior" l="29" />
  <i t="Turn over and push" l="30" />
  <i t="Executing the model" l="31">
   <i t="Running Cogility Message Traffic Viewer" l="31#wp1001089" />
   <i t="Running Cogility Insight" l="31#wp1001681" />
  </i>
 </i>
 <i t="Inbound web services" l="32">
  <i t="Importing the existing model" l="33" />
  <i t="Creating an inbound web service" l="34">
   <i t="Defining the argument message" l="34#wp1006075" />
   <i t="Defining the result message" l="34#wp1006136" />
   <i t="Defining the web service logic" l="34#wp1006403" />
   <i t="Creating a deployment" l="34#wp1006482" />
  </i>
  <i t="Turn over and push" l="35" />
  <i t="Executing the model" l="36">
   <i t="Running Cogility Message Traffic Viewer" l="36#wp1006717" />
   <i t="Running Cogility Insight" l="36#wp1007084" />
  </i>
  <i t="Viewing the web service deployment" l="37" />
  <i t="Executing the web service" l="38" />
 </i>
 <i t="Outbound web services" l="39">
  <i t="Importing the existing model" l="40" />
  <i t="Updating the information model" l="41" />
  <i t="Creating the outbound web service" l="42">
   <i t="Importing a WSDL from a file" l="42#wp1004793" />
   <i t="Testing the web service" l="42#wp1000581" />
  </i>
  <i t="Updating the inbound web service" l="43">
   <i t="Adding a parameter to the inbound web service" l="43#wp1005231" />
   <i t="Updating the inbound web service logic" l="43#wp1001043" />
  </i>
  <i t="Turn over and push" l="44" />
  <i t="Executing the model" l="45">
   <i t="Running Cogility Message Traffic Viewer" l="45#wp1005636" />
   <i t="Running Cogility Insight" l="45#wp1005763" />
  </i>
 </i>
 <i t="Class operations" l="46">
  <i t="Importing the existing model" l="47" />
  <i t="Creating a new class diagram" l="48">
   <i t="Define the class hierarchy" l="48#wp1000826" />
   <i t="Define the association" l="48#wp1010749" />
  </i>
  <i t="Defining class behavior" l="49" />
  <i t="Defining operations" l="50">
   <i t="Defining the method signatures" l="50#wp1007098" />
   <i t="Defining the method bodies" l="50#wp1002128" />
   <i t="Invoking operations" l="50#wp1000233" />
   <i t="Event and message conversion" l="50#wp1000249" />
  </i>
  <i t="Creating an inbound web service" l="51">
   <i t="Defining the web service" l="51#wp1003047" />
   <i t="Defining the deployment" l="51#wp1008146" />
   <i t="Defining the web service logic" l="51#wp1008169" />
  </i>
  <i t="Turn over and push" l="52" />
  <i t="Writing the message file" l="53" />
  <i t="Executing the model" l="54">
   <i t="Running Cogility Message Traffic Viewer" l="54#wp1008744" />
   <i t="Running Cogility Insight" l="54#wp1008780" />
   <i t="Sending a trouble ticket message" l="54#wp1004054" />
  </i>
 </i>
 <i t="Custom queries" l="55">
  <i t="Importing the existing model" l="56" />
  <i t="Extending the information model" l="57">
   <i t="Adding a class" l="57#wp1008964" />
   <i t="Creating the association" l="57#wp1008873" />
  </i>
  <i t="Creating the query" l="58">
   <i t="Attributes" l="58#wp1009188" />
   <i t="Arguments" l="58#wp1009468" />
   <i t="Conditions" l="58#wp1009552" />
   <i t="Relations" l="58#wp1009759" />
   <i t="Other clauses" l="58#wp1009961" />
  </i>
  <i t="Turn over and push" l="59" />
  <i t="Verifying SQL" l="60" />
  <i t="Testing the query" l="61">
   <i t="Running Cogility OCL Development Tool" l="61#wp1010475" />
   <i t="Creating the sample data" l="61#wp1014940" />
   <i t="Calling the query" l="61#wp1010492" />
  </i>
 </i>
</WebWorksHelpTOC>
