<?xml version='1.0' encoding='iso-8859-1'?>
<!-- Produced by EDGARsuite software, Advanced Computer Innovations, Inc., Copyright (C) 2008-2011 -->
<link:linkbase xmlns="http://www.xbrl.org/2003/linkbase"
		xmlns:xsi="http://www.w3.org/2001/XMLSchema-instance"
		xsi:schemaLocation="http://www.xbrl.org/2003/linkbase http://www.xbrl.org/2003/xbrl-linkbase-2003-12-31.xsd"
		xmlns:fil="http://aqsp/20110630"
		xmlns:link="http://www.xbrl.org/2003/linkbase"
		xmlns:xlink="http://www.w3.org/1999/xlink"
		xmlns:xbrldt="http://xbrl.org/2005/xbrldt"
		xmlns:xbrli="http://www.xbrl.org/2003/instance">
	<link:roleRef roleURI="http://aqsp/20110630/role/idr_DocumentDocumentAndEntityInformation" xlink:type="simple" xlink:href="aqsp-20110630.xsd#idr_DocumentDocumentAndEntityInformation"/>
	<link:calculationLink xlink:type="extended" xlink:role="http://aqsp/20110630/role/idr_DocumentDocumentAndEntityInformation">
	</link:calculationLink>
	<link:roleRef roleURI="http://aqsp/20110630/role/idr_CondensedBalanceSheetsUnaudited" xlink:type="simple" xlink:href="aqsp-20110630.xsd#idr_CondensedBalanceSheetsUnaudited"/>
	<link:calculationLink xlink:type="extended" xlink:role="http://aqsp/20110630/role/idr_CondensedBalanceSheetsUnaudited">
	</link:calculationLink>
	<link:roleRef roleURI="http://aqsp/20110630/role/idr_CondensedBalanceSheetsParenthetical" xlink:type="simple" xlink:href="aqsp-20110630.xsd#idr_CondensedBalanceSheetsParenthetical"/>
	<link:calculationLink xlink:type="extended" xlink:role="http://aqsp/20110630/role/idr_CondensedBalanceSheetsParenthetical">
	</link:calculationLink>
	<link:roleRef roleURI="http://aqsp/20110630/role/idr_StatementsOfOperationsUnaudited" xlink:type="simple" xlink:href="aqsp-20110630.xsd#idr_StatementsOfOperationsUnaudited"/>
	<link:calculationLink xlink:type="extended" xlink:role="http://aqsp/20110630/role/idr_StatementsOfOperationsUnaudited">
	</link:calculationLink>
	<link:roleRef roleURI="http://aqsp/20110630/role/idr_CondensedStatementsOfCashFlowsUnaudited" xlink:type="simple" xlink:href="aqsp-20110630.xsd#idr_CondensedStatementsOfCashFlowsUnaudited"/>
	<link:calculationLink xlink:type="extended" xlink:role="http://aqsp/20110630/role/idr_CondensedStatementsOfCashFlowsUnaudited">
	</link:calculationLink>
	<link:roleRef roleURI="http://aqsp/20110630/role/idr_DisclosureBasisOfPresentation" xlink:type="simple" xlink:href="aqsp-20110630.xsd#idr_DisclosureBasisOfPresentation"/>
	<link:calculationLink xlink:type="extended" xlink:role="http://aqsp/20110630/role/idr_DisclosureBasisOfPresentation">
	</link:calculationLink>
	<link:roleRef roleURI="http://aqsp/20110630/role/idr_DisclosureOrganizationAndSummaryOfSignificantAccountingPolicies" xlink:type="simple" xlink:href="aqsp-20110630.xsd#idr_DisclosureOrganizationAndSummaryOfSignificantAccountingPolicies"/>
	<link:calculationLink xlink:type="extended" xlink:role="http://aqsp/20110630/role/idr_DisclosureOrganizationAndSummaryOfSignificantAccountingPolicies">
	</link:calculationLink>
	<link:roleRef roleURI="http://aqsp/20110630/role/idr_DisclosureRelatedPartyTransactions" xlink:type="simple" xlink:href="aqsp-20110630.xsd#idr_DisclosureRelatedPartyTransactions"/>
	<link:calculationLink xlink:type="extended" xlink:role="http://aqsp/20110630/role/idr_DisclosureRelatedPartyTransactions">
	</link:calculationLink>
	<link:roleRef roleURI="http://aqsp/20110630/role/idr_DisclosureWaiverOfTaxLiabilityPenalty" xlink:type="simple" xlink:href="aqsp-20110630.xsd#idr_DisclosureWaiverOfTaxLiabilityPenalty"/>
	<link:calculationLink xlink:type="extended" xlink:role="http://aqsp/20110630/role/idr_DisclosureWaiverOfTaxLiabilityPenalty">
	</link:calculationLink>
	<link:roleRef roleURI="http://aqsp/20110630/role/idr_DisclosureLetterOfIntent" xlink:type="simple" xlink:href="aqsp-20110630.xsd#idr_DisclosureLetterOfIntent"/>
	<link:calculationLink xlink:type="extended" xlink:role="http://aqsp/20110630/role/idr_DisclosureLetterOfIntent">
	</link:calculationLink>
	<link:roleRef roleURI="http://aqsp/20110630/role/idr_DisclosureStockOptions" xlink:type="simple" xlink:href="aqsp-20110630.xsd#idr_DisclosureStockOptions"/>
	<link:calculationLink xlink:type="extended" xlink:role="http://aqsp/20110630/role/idr_DisclosureStockOptions">
	</link:calculationLink>
	<link:roleRef roleURI="http://aqsp/20110630/role/idr_DisclosureLongTermLiabilities" xlink:type="simple" xlink:href="aqsp-20110630.xsd#idr_DisclosureLongTermLiabilities"/>
	<link:calculationLink xlink:type="extended" xlink:role="http://aqsp/20110630/role/idr_DisclosureLongTermLiabilities">
	</link:calculationLink>
</link:linkbase>
