<?xml version='1.0' encoding='iso-8859-1'?>
<!-- Produced by EDGARsuite software, Advanced Computer Innovations, Inc., Copyright (C) 2008-2011 -->
<link:linkbase xmlns="http://www.xbrl.org/2003/linkbase"
		xmlns:xsi="http://www.w3.org/2001/XMLSchema-instance"
		xsi:schemaLocation="http://www.xbrl.org/2003/linkbase http://www.xbrl.org/2003/xbrl-linkbase-2003-12-31.xsd"
		xmlns:fil="http://aqsp/20110630"
		xmlns:link="http://www.xbrl.org/2003/linkbase"
		xmlns:xlink="http://www.w3.org/1999/xlink"
		xmlns:xbrldt="http://xbrl.org/2005/xbrldt"
		xmlns:xbrli="http://www.xbrl.org/2003/instance">
	<link:roleRef roleURI="http://aqsp/20110630/role/idr_DocumentDocumentAndEntityInformation" xlink:type="simple" xlink:href="aqsp-20110630.xsd#idr_DocumentDocumentAndEntityInformation"/>
	<link:presentationLink xlink:type="extended" xlink:role="http://aqsp/20110630/role/idr_DocumentDocumentAndEntityInformation">
		<link:loc xlink:type='locator' xlink:href='aqsp-20110630.xsd#fil_DocumentAndEntityInformationAbstract' xlink:label='fil_DocumentAndEntityInformationAbstract'/>
		<link:loc xlink:type='locator' xlink:href='http://xbrl.sec.gov/dei/2011/dei-2011-01-31.xsd#dei_EntityRegistrantName' xlink:label='dei_EntityRegistrantName'/>
		<link:presentationArc xlink:type='arc' xlink:arcrole='http://www.xbrl.org/2003/arcrole/parent-child' xlink:from='fil_DocumentAndEntityInformationAbstract' xlink:to='dei_EntityRegistrantName' use='optional' order='1.0'/>
		<link:loc xlink:type='locator' xlink:href='http://xbrl.sec.gov/dei/2011/dei-2011-01-31.xsd#dei_DocumentType' xlink:label='dei_DocumentType'/>
		<link:presentationArc xlink:type='arc' xlink:arcrole='http://www.xbrl.org/2003/arcrole/parent-child' xlink:from='fil_DocumentAndEntityInformationAbstract' xlink:to='dei_DocumentType' use='optional' order='2.0'/>
		<link:loc xlink:type='locator' xlink:href='http://xbrl.sec.gov/dei/2011/dei-2011-01-31.xsd#dei_DocumentPeriodEndDate' xlink:label='dei_DocumentPeriodEndDate'/>
		<link:presentationArc xlink:type='arc' xlink:arcrole='http://www.xbrl.org/2003/arcrole/parent-child' xlink:from='fil_DocumentAndEntityInformationAbstract' xlink:to='dei_DocumentPeriodEndDate' use='optional' order='3.0'/>
		<link:loc xlink:type='locator' xlink:href='http://xbrl.sec.gov/dei/2011/dei-2011-01-31.xsd#dei_AmendmentFlag' xlink:label='dei_AmendmentFlag'/>
		<link:presentationArc xlink:type='arc' xlink:arcrole='http://www.xbrl.org/2003/arcrole/parent-child' xlink:from='fil_DocumentAndEntityInformationAbstract' xlink:to='dei_AmendmentFlag' use='optional' order='4.0'/>
		<link:loc xlink:type='locator' xlink:href='http://xbrl.sec.gov/dei/2011/dei-2011-01-31.xsd#dei_EntityCentralIndexKey' xlink:label='dei_EntityCentralIndexKey'/>
		<link:presentationArc xlink:type='arc' xlink:arcrole='http://www.xbrl.org/2003/arcrole/parent-child' xlink:from='fil_DocumentAndEntityInformationAbstract' xlink:to='dei_EntityCentralIndexKey' use='optional' order='5.0'/>
		<link:loc xlink:type='locator' xlink:href='http://xbrl.sec.gov/dei/2011/dei-2011-01-31.xsd#dei_CurrentFiscalYearEndDate' xlink:label='dei_CurrentFiscalYearEndDate'/>
		<link:presentationArc xlink:type='arc' xlink:arcrole='http://www.xbrl.org/2003/arcrole/parent-child' xlink:from='fil_DocumentAndEntityInformationAbstract' xlink:to='dei_CurrentFiscalYearEndDate' use='optional' order='6.0'/>
		<link:loc xlink:type='locator' xlink:href='http://xbrl.sec.gov/dei/2011/dei-2011-01-31.xsd#dei_EntityCommonStockSharesOutstanding' xlink:label='dei_EntityCommonStockSharesOutstanding'/>
		<link:presentationArc xlink:type='arc' xlink:arcrole='http://www.xbrl.org/2003/arcrole/parent-child' xlink:from='fil_DocumentAndEntityInformationAbstract' xlink:to='dei_EntityCommonStockSharesOutstanding' use='optional' order='7.0'/>
		<link:loc xlink:type='locator' xlink:href='http://xbrl.sec.gov/dei/2011/dei-2011-01-31.xsd#dei_EntityFilerCategory' xlink:label='dei_EntityFilerCategory'/>
		<link:presentationArc xlink:type='arc' xlink:arcrole='http://www.xbrl.org/2003/arcrole/parent-child' xlink:from='fil_DocumentAndEntityInformationAbstract' xlink:to='dei_EntityFilerCategory' use='optional' order='8.0'/>
		<link:loc xlink:type='locator' xlink:href='http://xbrl.sec.gov/dei/2011/dei-2011-01-31.xsd#dei_EntityCurrentReportingStatus' xlink:label='dei_EntityCurrentReportingStatus'/>
		<link:presentationArc xlink:type='arc' xlink:arcrole='http://www.xbrl.org/2003/arcrole/parent-child' xlink:from='fil_DocumentAndEntityInformationAbstract' xlink:to='dei_EntityCurrentReportingStatus' use='optional' order='9.0'/>
		<link:loc xlink:type='locator' xlink:href='http://xbrl.sec.gov/dei/2011/dei-2011-01-31.xsd#dei_EntityVoluntaryFilers' xlink:label='dei_EntityVoluntaryFilers'/>
		<link:presentationArc xlink:type='arc' xlink:arcrole='http://www.xbrl.org/2003/arcrole/parent-child' xlink:from='fil_DocumentAndEntityInformationAbstract' xlink:to='dei_EntityVoluntaryFilers' use='optional' order='10.0'/>
		<link:loc xlink:type='locator' xlink:href='http://xbrl.sec.gov/dei/2011/dei-2011-01-31.xsd#dei_EntityWellKnownSeasonedIssuer' xlink:label='dei_EntityWellKnownSeasonedIssuer'/>
		<link:presentationArc xlink:type='arc' xlink:arcrole='http://www.xbrl.org/2003/arcrole/parent-child' xlink:from='fil_DocumentAndEntityInformationAbstract' xlink:to='dei_EntityWellKnownSeasonedIssuer' use='optional' order='11.0'/>
		<link:loc xlink:type='locator' xlink:href='http://xbrl.sec.gov/dei/2011/dei-2011-01-31.xsd#dei_DocumentFiscalYearFocus' xlink:label='dei_DocumentFiscalYearFocus'/>
		<link:presentationArc xlink:type='arc' xlink:arcrole='http://www.xbrl.org/2003/arcrole/parent-child' xlink:from='fil_DocumentAndEntityInformationAbstract' xlink:to='dei_DocumentFiscalYearFocus' use='optional' order='12.0'/>
		<link:loc xlink:type='locator' xlink:href='http://xbrl.sec.gov/dei/2011/dei-2011-01-31.xsd#dei_DocumentFiscalPeriodFocus' xlink:label='dei_DocumentFiscalPeriodFocus'/>
		<link:presentationArc xlink:type='arc' xlink:arcrole='http://www.xbrl.org/2003/arcrole/parent-child' xlink:from='fil_DocumentAndEntityInformationAbstract' xlink:to='dei_DocumentFiscalPeriodFocus' use='optional' order='13.0'/>
	</link:presentationLink>
	<link:roleRef roleURI="http://aqsp/20110630/role/idr_CondensedBalanceSheetsUnaudited" xlink:type="simple" xlink:href="aqsp-20110630.xsd#idr_CondensedBalanceSheetsUnaudited"/>
	<link:presentationLink xlink:type="extended" xlink:role="http://aqsp/20110630/role/idr_CondensedBalanceSheetsUnaudited">
		<link:loc xlink:type='locator' xlink:href='http://xbrl.fasb.org/us-gaap/2011/elts/us-gaap-2011-01-31.xsd#us-gaap_StatementOfFinancialPositionAbstract' xlink:label='us-gaap_StatementOfFinancialPositionAbstract'/>
		<link:loc xlink:type='locator' xlink:href='http://xbrl.fasb.org/us-gaap/2011/elts/us-gaap-2011-01-31.xsd#us-gaap_StatementTable' xlink:label='us-gaap_StatementTable'/>
		<link:presentationArc xlink:type='arc' xlink:arcrole='http://www.xbrl.org/2003/arcrole/parent-child' xlink:from='us-gaap_StatementOfFinancialPositionAbstract' xlink:to='us-gaap_StatementTable' use='optional' order='1.0'/>
		<link:loc xlink:type='locator' xlink:href='http://xbrl.fasb.org/us-gaap/2011/elts/us-gaap-2011-01-31.xsd#us-gaap_StatementLineItems' xlink:label='us-gaap_StatementLineItems'/>
		<link:presentationArc xlink:type='arc' xlink:arcrole='http://www.xbrl.org/2003/arcrole/parent-child' xlink:from='us-gaap_StatementTable' xlink:to='us-gaap_StatementLineItems' use='optional' order='1.0'/>
		<link:loc xlink:type='locator' xlink:href='http://xbrl.fasb.org/us-gaap/2011/elts/us-gaap-2011-01-31.xsd#us-gaap_AssetsAbstract' xlink:label='us-gaap_AssetsAbstract'/>
		<link:presentationArc xlink:type='arc' xlink:arcrole='http://www.xbrl.org/2003/arcrole/parent-child' xlink:from='us-gaap_StatementLineItems' xlink:to='us-gaap_AssetsAbstract' use='optional' order='1.0'/>
		<link:loc xlink:type='locator' xlink:href='http://xbrl.fasb.org/us-gaap/2011/elts/us-gaap-2011-01-31.xsd#us-gaap_AssetsCurrentAbstract' xlink:label='us-gaap_AssetsCurrentAbstract'/>
		<link:presentationArc xlink:type='arc' xlink:arcrole='http://www.xbrl.org/2003/arcrole/parent-child' xlink:from='us-gaap_AssetsAbstract' xlink:to='us-gaap_AssetsCurrentAbstract' use='optional' order='1.0'/>
		<link:loc xlink:type='locator' xlink:href='http://xbrl.fasb.org/us-gaap/2011/elts/us-gaap-2011-01-31.xsd#us-gaap_CashAndCashEquivalentsAtCarryingValue' xlink:label='us-gaap_CashAndCashEquivalentsAtCarryingValue'/>
		<link:presentationArc xlink:type='arc' xlink:arcrole='http://www.xbrl.org/2003/arcrole/parent-child' xlink:from='us-gaap_AssetsCurrentAbstract' xlink:to='us-gaap_CashAndCashEquivalentsAtCarryingValue' use='optional' order='1.0' preferredLabel='http://www.xbrl.org/2003/role/terseLabel'/>
		<link:loc xlink:type='locator' xlink:href='http://xbrl.fasb.org/us-gaap/2011/elts/us-gaap-2011-01-31.xsd#us-gaap_NotesReceivableRelatedPartiesCurrent' xlink:label='us-gaap_NotesReceivableRelatedPartiesCurrent'/>
		<link:presentationArc xlink:type='arc' xlink:arcrole='http://www.xbrl.org/2003/arcrole/parent-child' xlink:from='us-gaap_AssetsCurrentAbstract' xlink:to='us-gaap_NotesReceivableRelatedPartiesCurrent' use='optional' order='2.0'/>
		<link:loc xlink:type='locator' xlink:href='aqsp-20110630.xsd#fil_AqspInterestReceivableRelatedParty' xlink:label='fil_AqspInterestReceivableRelatedParty'/>
		<link:presentationArc xlink:type='arc' xlink:arcrole='http://www.xbrl.org/2003/arcrole/parent-child' xlink:from='us-gaap_AssetsCurrentAbstract' xlink:to='fil_AqspInterestReceivableRelatedParty' use='optional' order='3.0'/>
		<link:loc xlink:type='locator' xlink:href='http://xbrl.fasb.org/us-gaap/2011/elts/us-gaap-2011-01-31.xsd#us-gaap_AssetsCurrent' xlink:label='us-gaap_AssetsCurrent'/>
		<link:presentationArc xlink:type='arc' xlink:arcrole='http://www.xbrl.org/2003/arcrole/parent-child' xlink:from='us-gaap_AssetsCurrentAbstract' xlink:to='us-gaap_AssetsCurrent' use='optional' order='4.0' preferredLabel='http://www.xbrl.org/2003/role/totalLabel'/>
		<link:loc xlink:type='locator' xlink:href='http://xbrl.fasb.org/us-gaap/2011/elts/us-gaap-2011-01-31.xsd#us-gaap_NotesReceivableRelatedPartiesNoncurrent' xlink:label='us-gaap_NotesReceivableRelatedPartiesNoncurrent'/>
		<link:presentationArc xlink:type='arc' xlink:arcrole='http://www.xbrl.org/2003/arcrole/parent-child' xlink:from='us-gaap_AssetsCurrent' xlink:to='us-gaap_NotesReceivableRelatedPartiesNoncurrent' use='optional' order='1.0'/>
		<link:loc xlink:type='locator' xlink:href='http://xbrl.fasb.org/us-gaap/2011/elts/us-gaap-2011-01-31.xsd#us-gaap_Assets' xlink:label='us-gaap_Assets'/>
		<link:presentationArc xlink:type='arc' xlink:arcrole='http://www.xbrl.org/2003/arcrole/parent-child' xlink:from='us-gaap_StatementLineItems' xlink:to='us-gaap_Assets' use='optional' order='2.0' preferredLabel='http://www.xbrl.org/2003/role/totalLabel'/>
		<link:loc xlink:type='locator' xlink:href='http://xbrl.fasb.org/us-gaap/2011/elts/us-gaap-2011-01-31.xsd#us-gaap_LiabilitiesAndStockholdersEquityAbstract' xlink:label='us-gaap_LiabilitiesAndStockholdersEquityAbstract'/>
		<link:presentationArc xlink:type='arc' xlink:arcrole='http://www.xbrl.org/2003/arcrole/parent-child' xlink:from='us-gaap_StatementLineItems' xlink:to='us-gaap_LiabilitiesAndStockholdersEquityAbstract' use='optional' order='3.0'/>
		<link:loc xlink:type='locator' xlink:href='http://xbrl.fasb.org/us-gaap/2011/elts/us-gaap-2011-01-31.xsd#us-gaap_LiabilitiesCurrentAbstract' xlink:label='us-gaap_LiabilitiesCurrentAbstract'/>
		<link:presentationArc xlink:type='arc' xlink:arcrole='http://www.xbrl.org/2003/arcrole/parent-child' xlink:from='us-gaap_StatementLineItems' xlink:to='us-gaap_LiabilitiesCurrentAbstract' use='optional' order='4.0'/>
		<link:loc xlink:type='locator' xlink:href='http://xbrl.fasb.org/us-gaap/2011/elts/us-gaap-2011-01-31.xsd#us-gaap_AccountsPayable' xlink:label='us-gaap_AccountsPayable'/>
		<link:presentationArc xlink:type='arc' xlink:arcrole='http://www.xbrl.org/2003/arcrole/parent-child' xlink:from='us-gaap_LiabilitiesCurrentAbstract' xlink:to='us-gaap_AccountsPayable' use='optional' order='1.0'/>
		<link:loc xlink:type='locator' xlink:href='http://xbrl.fasb.org/us-gaap/2011/elts/us-gaap-2011-01-31.xsd#us-gaap_NotesPayableRelatedPartiesCurrent' xlink:label='us-gaap_NotesPayableRelatedPartiesCurrent'/>
		<link:presentationArc xlink:type='arc' xlink:arcrole='http://www.xbrl.org/2003/arcrole/parent-child' xlink:from='us-gaap_LiabilitiesCurrentAbstract' xlink:to='us-gaap_NotesPayableRelatedPartiesCurrent' use='optional' order='2.0'/>
		<link:loc xlink:type='locator' xlink:href='http://xbrl.fasb.org/us-gaap/2011/elts/us-gaap-2011-01-31.xsd#us-gaap_LiabilitiesCurrent' xlink:label='us-gaap_LiabilitiesCurrent'/>
		<link:presentationArc xlink:type='arc' xlink:arcrole='http://www.xbrl.org/2003/arcrole/parent-child' xlink:from='us-gaap_LiabilitiesCurrentAbstract' xlink:to='us-gaap_LiabilitiesCurrent' use='optional' order='3.0' preferredLabel='http://www.xbrl.org/2003/role/totalLabel'/>
		<link:loc xlink:type='locator' xlink:href='http://xbrl.fasb.org/us-gaap/2011/elts/us-gaap-2011-01-31.xsd#us-gaap_LongTermDebtAbstract' xlink:label='us-gaap_LongTermDebtAbstract'/>
		<link:presentationArc xlink:type='arc' xlink:arcrole='http://www.xbrl.org/2003/arcrole/parent-child' xlink:from='us-gaap_StatementLineItems' xlink:to='us-gaap_LongTermDebtAbstract' use='optional' order='5.0'/>
		<link:loc xlink:type='locator' xlink:href='http://xbrl.fasb.org/us-gaap/2011/elts/us-gaap-2011-01-31.xsd#us-gaap_NotesPayableRelatedPartiesNoncurrent' xlink:label='us-gaap_NotesPayableRelatedPartiesNoncurrent'/>
		<link:presentationArc xlink:type='arc' xlink:arcrole='http://www.xbrl.org/2003/arcrole/parent-child' xlink:from='us-gaap_LongTermDebtAbstract' xlink:to='us-gaap_NotesPayableRelatedPartiesNoncurrent' use='optional' order='1.0'/>
		<link:loc xlink:type='locator' xlink:href='http://xbrl.fasb.org/us-gaap/2011/elts/us-gaap-2011-01-31.xsd#us-gaap_LongTermNotesPayable' xlink:label='us-gaap_LongTermNotesPayable'/>
		<link:presentationArc xlink:type='arc' xlink:arcrole='http://www.xbrl.org/2003/arcrole/parent-child' xlink:from='us-gaap_LongTermDebtAbstract' xlink:to='us-gaap_LongTermNotesPayable' use='optional' order='2.0'/>
		<link:loc xlink:type='locator' xlink:href='http://xbrl.fasb.org/us-gaap/2011/elts/us-gaap-2011-01-31.xsd#us-gaap_Liabilities' xlink:label='us-gaap_Liabilities'/>
		<link:presentationArc xlink:type='arc' xlink:arcrole='http://www.xbrl.org/2003/arcrole/parent-child' xlink:from='us-gaap_LongTermDebtAbstract' xlink:to='us-gaap_Liabilities' use='optional' order='3.0' preferredLabel='http://www.xbrl.org/2003/role/totalLabel'/>
		<link:loc xlink:type='locator' xlink:href='http://xbrl.fasb.org/us-gaap/2011/elts/us-gaap-2011-01-31.xsd#us-gaap_StockholdersEquityAbstract' xlink:label='us-gaap_StockholdersEquityAbstract'/>
		<link:presentationArc xlink:type='arc' xlink:arcrole='http://www.xbrl.org/2003/arcrole/parent-child' xlink:from='us-gaap_StatementLineItems' xlink:to='us-gaap_StockholdersEquityAbstract' use='optional' order='6.0'/>
		<link:loc xlink:type='locator' xlink:href='http://xbrl.fasb.org/us-gaap/2011/elts/us-gaap-2011-01-31.xsd#us-gaap_PreferredStockValue' xlink:label='us-gaap_PreferredStockValue'/>
		<link:presentationArc xlink:type='arc' xlink:arcrole='http://www.xbrl.org/2003/arcrole/parent-child' xlink:from='us-gaap_StockholdersEquityAbstract' xlink:to='us-gaap_PreferredStockValue' use='optional' order='1.0'/>
		<link:loc xlink:type='locator' xlink:href='http://xbrl.fasb.org/us-gaap/2011/elts/us-gaap-2011-01-31.xsd#us-gaap_CommonStockValue' xlink:label='us-gaap_CommonStockValue'/>
		<link:presentationArc xlink:type='arc' xlink:arcrole='http://www.xbrl.org/2003/arcrole/parent-child' xlink:from='us-gaap_StockholdersEquityAbstract' xlink:to='us-gaap_CommonStockValue' use='optional' order='2.0'/>
		<link:loc xlink:type='locator' xlink:href='http://xbrl.fasb.org/us-gaap/2011/elts/us-gaap-2011-01-31.xsd#us-gaap_AdditionalPaidInCapital' xlink:label='us-gaap_AdditionalPaidInCapital'/>
		<link:presentationArc xlink:type='arc' xlink:arcrole='http://www.xbrl.org/2003/arcrole/parent-child' xlink:from='us-gaap_StockholdersEquityAbstract' xlink:to='us-gaap_AdditionalPaidInCapital' use='optional' order='3.0'/>
		<link:loc xlink:type='locator' xlink:href='aqsp-20110630.xsd#fil_AqspDeficitAccumulatedPriorToTheDevelopmentStage' xlink:label='fil_AqspDeficitAccumulatedPriorToTheDevelopmentStage'/>
		<link:presentationArc xlink:type='arc' xlink:arcrole='http://www.xbrl.org/2003/arcrole/parent-child' xlink:from='us-gaap_StockholdersEquityAbstract' xlink:to='fil_AqspDeficitAccumulatedPriorToTheDevelopmentStage' use='optional' order='4.0'/>
		<link:loc xlink:type='locator' xlink:href='http://xbrl.fasb.org/us-gaap/2011/elts/us-gaap-2011-01-31.xsd#us-gaap_DevelopmentStageEnterpriseDeficitAccumulatedDuringDevelopmentStage' xlink:label='us-gaap_DevelopmentStageEnterpriseDeficitAccumulatedDuringDevelopmentStage'/>
		<link:presentationArc xlink:type='arc' xlink:arcrole='http://www.xbrl.org/2003/arcrole/parent-child' xlink:from='us-gaap_StockholdersEquityAbstract' xlink:to='us-gaap_DevelopmentStageEnterpriseDeficitAccumulatedDuringDevelopmentStage' use='optional' order='5.0'/>
		<link:loc xlink:type='locator' xlink:href='http://xbrl.fasb.org/us-gaap/2011/elts/us-gaap-2011-01-31.xsd#us-gaap_StockholdersEquity' xlink:label='us-gaap_StockholdersEquity'/>
		<link:presentationArc xlink:type='arc' xlink:arcrole='http://www.xbrl.org/2003/arcrole/parent-child' xlink:from='us-gaap_StockholdersEquityAbstract' xlink:to='us-gaap_StockholdersEquity' use='optional' order='6.0' preferredLabel='http://www.xbrl.org/2003/role/totalLabel'/>
		<link:loc xlink:type='locator' xlink:href='http://xbrl.fasb.org/us-gaap/2011/elts/us-gaap-2011-01-31.xsd#us-gaap_LiabilitiesAndStockholdersEquity' xlink:label='us-gaap_LiabilitiesAndStockholdersEquity'/>
		<link:presentationArc xlink:type='arc' xlink:arcrole='http://www.xbrl.org/2003/arcrole/parent-child' xlink:from='us-gaap_StockholdersEquityAbstract' xlink:to='us-gaap_LiabilitiesAndStockholdersEquity' use='optional' order='7.0' preferredLabel='http://www.xbrl.org/2003/role/totalLabel'/>
	</link:presentationLink>
	<link:roleRef roleURI="http://aqsp/20110630/role/idr_CondensedBalanceSheetsParenthetical" xlink:type="simple" xlink:href="aqsp-20110630.xsd#idr_CondensedBalanceSheetsParenthetical"/>
	<link:presentationLink xlink:type="extended" xlink:role="http://aqsp/20110630/role/idr_CondensedBalanceSheetsParenthetical">
		<link:loc xlink:type='locator' xlink:href='http://xbrl.fasb.org/us-gaap/2011/elts/us-gaap-2011-01-31.xsd#us-gaap_StatementOfFinancialPositionAbstract' xlink:label='us-gaap_StatementOfFinancialPositionAbstract'/>
		<link:loc xlink:type='locator' xlink:href='http://xbrl.fasb.org/us-gaap/2011/elts/us-gaap-2011-01-31.xsd#us-gaap_StatementTable' xlink:label='us-gaap_StatementTable'/>
		<link:presentationArc xlink:type='arc' xlink:arcrole='http://www.xbrl.org/2003/arcrole/parent-child' xlink:from='us-gaap_StatementOfFinancialPositionAbstract' xlink:to='us-gaap_StatementTable' use='optional' order='1.0'/>
		<link:loc xlink:type='locator' xlink:href='http://xbrl.fasb.org/us-gaap/2011/elts/us-gaap-2011-01-31.xsd#us-gaap_StatementLineItems' xlink:label='us-gaap_StatementLineItems'/>
		<link:presentationArc xlink:type='arc' xlink:arcrole='http://www.xbrl.org/2003/arcrole/parent-child' xlink:from='us-gaap_StatementTable' xlink:to='us-gaap_StatementLineItems' use='optional' order='1.0'/>
		<link:loc xlink:type='locator' xlink:href='http://xbrl.fasb.org/us-gaap/2011/elts/us-gaap-2011-01-31.xsd#us-gaap_CommonStockParOrStatedValuePerShare' xlink:label='us-gaap_CommonStockParOrStatedValuePerShare'/>
		<link:presentationArc xlink:type='arc' xlink:arcrole='http://www.xbrl.org/2003/arcrole/parent-child' xlink:from='us-gaap_StatementLineItems' xlink:to='us-gaap_CommonStockParOrStatedValuePerShare' use='optional' order='1.0'/>
		<link:loc xlink:type='locator' xlink:href='http://xbrl.fasb.org/us-gaap/2011/elts/us-gaap-2011-01-31.xsd#us-gaap_CommonStockSharesAuthorized' xlink:label='us-gaap_CommonStockSharesAuthorized'/>
		<link:presentationArc xlink:type='arc' xlink:arcrole='http://www.xbrl.org/2003/arcrole/parent-child' xlink:from='us-gaap_StatementLineItems' xlink:to='us-gaap_CommonStockSharesAuthorized' use='optional' order='2.0'/>
		<link:loc xlink:type='locator' xlink:href='http://xbrl.fasb.org/us-gaap/2011/elts/us-gaap-2011-01-31.xsd#us-gaap_CommonStockSharesIssued' xlink:label='us-gaap_CommonStockSharesIssued'/>
		<link:presentationArc xlink:type='arc' xlink:arcrole='http://www.xbrl.org/2003/arcrole/parent-child' xlink:from='us-gaap_StatementLineItems' xlink:to='us-gaap_CommonStockSharesIssued' use='optional' order='3.0'/>
		<link:loc xlink:type='locator' xlink:href='http://xbrl.fasb.org/us-gaap/2011/elts/us-gaap-2011-01-31.xsd#us-gaap_CommonStockSharesOutstanding' xlink:label='us-gaap_CommonStockSharesOutstanding'/>
		<link:presentationArc xlink:type='arc' xlink:arcrole='http://www.xbrl.org/2003/arcrole/parent-child' xlink:from='us-gaap_StatementLineItems' xlink:to='us-gaap_CommonStockSharesOutstanding' use='optional' order='4.0'/>
		<link:loc xlink:type='locator' xlink:href='http://xbrl.fasb.org/us-gaap/2011/elts/us-gaap-2011-01-31.xsd#us-gaap_PreferredStockParOrStatedValuePerShare' xlink:label='us-gaap_PreferredStockParOrStatedValuePerShare'/>
		<link:presentationArc xlink:type='arc' xlink:arcrole='http://www.xbrl.org/2003/arcrole/parent-child' xlink:from='us-gaap_StatementLineItems' xlink:to='us-gaap_PreferredStockParOrStatedValuePerShare' use='optional' order='5.0'/>
		<link:loc xlink:type='locator' xlink:href='http://xbrl.fasb.org/us-gaap/2011/elts/us-gaap-2011-01-31.xsd#us-gaap_PreferredStockSharesAuthorized' xlink:label='us-gaap_PreferredStockSharesAuthorized'/>
		<link:presentationArc xlink:type='arc' xlink:arcrole='http://www.xbrl.org/2003/arcrole/parent-child' xlink:from='us-gaap_StatementLineItems' xlink:to='us-gaap_PreferredStockSharesAuthorized' use='optional' order='6.0'/>
		<link:loc xlink:type='locator' xlink:href='http://xbrl.fasb.org/us-gaap/2011/elts/us-gaap-2011-01-31.xsd#us-gaap_PreferredStockSharesIssued' xlink:label='us-gaap_PreferredStockSharesIssued'/>
		<link:presentationArc xlink:type='arc' xlink:arcrole='http://www.xbrl.org/2003/arcrole/parent-child' xlink:from='us-gaap_StatementLineItems' xlink:to='us-gaap_PreferredStockSharesIssued' use='optional' order='7.0'/>
		<link:loc xlink:type='locator' xlink:href='http://xbrl.fasb.org/us-gaap/2011/elts/us-gaap-2011-01-31.xsd#us-gaap_PreferredStockSharesOutstanding' xlink:label='us-gaap_PreferredStockSharesOutstanding'/>
		<link:presentationArc xlink:type='arc' xlink:arcrole='http://www.xbrl.org/2003/arcrole/parent-child' xlink:from='us-gaap_StatementLineItems' xlink:to='us-gaap_PreferredStockSharesOutstanding' use='optional' order='8.0'/>
	</link:presentationLink>
	<link:roleRef roleURI="http://aqsp/20110630/role/idr_StatementsOfOperationsUnaudited" xlink:type="simple" xlink:href="aqsp-20110630.xsd#idr_StatementsOfOperationsUnaudited"/>
	<link:presentationLink xlink:type="extended" xlink:role="http://aqsp/20110630/role/idr_StatementsOfOperationsUnaudited">
		<link:loc xlink:type='locator' xlink:href='http://xbrl.fasb.org/us-gaap/2011/elts/us-gaap-2011-01-31.xsd#us-gaap_StatementOfIncomeAndComprehensiveIncomeAbstract' xlink:label='us-gaap_StatementOfIncomeAndComprehensiveIncomeAbstract'/>
		<link:loc xlink:type='locator' xlink:href='http://xbrl.fasb.org/us-gaap/2011/elts/us-gaap-2011-01-31.xsd#us-gaap_StatementTable' xlink:label='us-gaap_StatementTable'/>
		<link:presentationArc xlink:type='arc' xlink:arcrole='http://www.xbrl.org/2003/arcrole/parent-child' xlink:from='us-gaap_StatementOfIncomeAndComprehensiveIncomeAbstract' xlink:to='us-gaap_StatementTable' use='optional' order='1.0'/>
		<link:loc xlink:type='locator' xlink:href='http://xbrl.fasb.org/us-gaap/2011/elts/us-gaap-2011-01-31.xsd#us-gaap_StatementLineItems' xlink:label='us-gaap_StatementLineItems'/>
		<link:presentationArc xlink:type='arc' xlink:arcrole='http://www.xbrl.org/2003/arcrole/parent-child' xlink:from='us-gaap_StatementTable' xlink:to='us-gaap_StatementLineItems' use='optional' order='1.0'/>
		<link:loc xlink:type='locator' xlink:href='http://xbrl.fasb.org/us-gaap/2011/elts/us-gaap-2011-01-31.xsd#us-gaap_OperatingExpensesAbstract' xlink:label='us-gaap_OperatingExpensesAbstract'/>
		<link:presentationArc xlink:type='arc' xlink:arcrole='http://www.xbrl.org/2003/arcrole/parent-child' xlink:from='us-gaap_StatementLineItems' xlink:to='us-gaap_OperatingExpensesAbstract' use='optional' order='1.0'/>
		<link:loc xlink:type='locator' xlink:href='http://xbrl.fasb.org/us-gaap/2011/elts/us-gaap-2011-01-31.xsd#us-gaap_GeneralAndAdministrativeExpense' xlink:label='us-gaap_GeneralAndAdministrativeExpense'/>
		<link:presentationArc xlink:type='arc' xlink:arcrole='http://www.xbrl.org/2003/arcrole/parent-child' xlink:from='us-gaap_OperatingExpensesAbstract' xlink:to='us-gaap_GeneralAndAdministrativeExpense' use='optional' order='1.0'/>
		<link:loc xlink:type='locator' xlink:href='http://xbrl.fasb.org/us-gaap/2011/elts/us-gaap-2011-01-31.xsd#us-gaap_OtherIncomeAndExpensesAbstract' xlink:label='us-gaap_OtherIncomeAndExpensesAbstract'/>
		<link:presentationArc xlink:type='arc' xlink:arcrole='http://www.xbrl.org/2003/arcrole/parent-child' xlink:from='us-gaap_StatementLineItems' xlink:to='us-gaap_OtherIncomeAndExpensesAbstract' use='optional' order='2.0'/>
		<link:loc xlink:type='locator' xlink:href='http://xbrl.fasb.org/us-gaap/2011/elts/us-gaap-2011-01-31.xsd#us-gaap_InvestmentIncomeInterest' xlink:label='us-gaap_InvestmentIncomeInterest'/>
		<link:presentationArc xlink:type='arc' xlink:arcrole='http://www.xbrl.org/2003/arcrole/parent-child' xlink:from='us-gaap_OtherIncomeAndExpensesAbstract' xlink:to='us-gaap_InvestmentIncomeInterest' use='optional' order='1.0'/>
		<link:loc xlink:type='locator' xlink:href='http://xbrl.fasb.org/us-gaap/2011/elts/us-gaap-2011-01-31.xsd#us-gaap_InterestExpense' xlink:label='us-gaap_InterestExpense'/>
		<link:presentationArc xlink:type='arc' xlink:arcrole='http://www.xbrl.org/2003/arcrole/parent-child' xlink:from='us-gaap_OtherIncomeAndExpensesAbstract' xlink:to='us-gaap_InterestExpense' use='optional' order='2.0'/>
		<link:loc xlink:type='locator' xlink:href='aqsp-20110630.xsd#fil_AqspWaiverOfTaxLiabilityPenalty' xlink:label='fil_AqspWaiverOfTaxLiabilityPenalty'/>
		<link:presentationArc xlink:type='arc' xlink:arcrole='http://www.xbrl.org/2003/arcrole/parent-child' xlink:from='us-gaap_OtherIncomeAndExpensesAbstract' xlink:to='fil_AqspWaiverOfTaxLiabilityPenalty' use='optional' order='3.0'/>
		<link:loc xlink:type='locator' xlink:href='http://xbrl.fasb.org/us-gaap/2011/elts/us-gaap-2011-01-31.xsd#us-gaap_NonoperatingIncomeExpense' xlink:label='us-gaap_NonoperatingIncomeExpense'/>
		<link:presentationArc xlink:type='arc' xlink:arcrole='http://www.xbrl.org/2003/arcrole/parent-child' xlink:from='us-gaap_StatementLineItems' xlink:to='us-gaap_NonoperatingIncomeExpense' use='optional' order='3.0' preferredLabel='http://www.xbrl.org/2003/role/totalLabel'/>
		<link:loc xlink:type='locator' xlink:href='http://xbrl.fasb.org/us-gaap/2011/elts/us-gaap-2011-01-31.xsd#us-gaap_ProfitLoss' xlink:label='us-gaap_ProfitLoss'/>
		<link:presentationArc xlink:type='arc' xlink:arcrole='http://www.xbrl.org/2003/arcrole/parent-child' xlink:from='us-gaap_StatementLineItems' xlink:to='us-gaap_ProfitLoss' use='optional' order='4.0' preferredLabel='http://www.xbrl.org/2003/role/totalLabel'/>
		<link:loc xlink:type='locator' xlink:href='http://xbrl.fasb.org/us-gaap/2011/elts/us-gaap-2011-01-31.xsd#us-gaap_EarningsPerShareBasicAndDiluted' xlink:label='us-gaap_EarningsPerShareBasicAndDiluted'/>
		<link:presentationArc xlink:type='arc' xlink:arcrole='http://www.xbrl.org/2003/arcrole/parent-child' xlink:from='us-gaap_StatementLineItems' xlink:to='us-gaap_EarningsPerShareBasicAndDiluted' use='optional' order='5.0' preferredLabel='http://www.xbrl.org/2003/role/totalLabel'/>
		<link:loc xlink:type='locator' xlink:href='http://xbrl.fasb.org/us-gaap/2011/elts/us-gaap-2011-01-31.xsd#us-gaap_WeightedAverageNumberOfSharesOutstandingBasic' xlink:label='us-gaap_WeightedAverageNumberOfSharesOutstandingBasic'/>
		<link:presentationArc xlink:type='arc' xlink:arcrole='http://www.xbrl.org/2003/arcrole/parent-child' xlink:from='us-gaap_StatementLineItems' xlink:to='us-gaap_WeightedAverageNumberOfSharesOutstandingBasic' use='optional' order='6.0' preferredLabel='http://www.xbrl.org/2003/role/totalLabel'/>
	</link:presentationLink>
	<link:roleRef roleURI="http://aqsp/20110630/role/idr_CondensedStatementsOfCashFlowsUnaudited" xlink:type="simple" xlink:href="aqsp-20110630.xsd#idr_CondensedStatementsOfCashFlowsUnaudited"/>
	<link:presentationLink xlink:type="extended" xlink:role="http://aqsp/20110630/role/idr_CondensedStatementsOfCashFlowsUnaudited">
		<link:loc xlink:type='locator' xlink:href='http://xbrl.fasb.org/us-gaap/2011/elts/us-gaap-2011-01-31.xsd#us-gaap_StatementOfCashFlowsAbstract' xlink:label='us-gaap_StatementOfCashFlowsAbstract'/>
		<link:loc xlink:type='locator' xlink:href='http://xbrl.fasb.org/us-gaap/2011/elts/us-gaap-2011-01-31.xsd#us-gaap_StatementTable' xlink:label='us-gaap_StatementTable'/>
		<link:presentationArc xlink:type='arc' xlink:arcrole='http://www.xbrl.org/2003/arcrole/parent-child' xlink:from='us-gaap_StatementOfCashFlowsAbstract' xlink:to='us-gaap_StatementTable' use='optional' order='1.0'/>
		<link:loc xlink:type='locator' xlink:href='http://xbrl.fasb.org/us-gaap/2011/elts/us-gaap-2011-01-31.xsd#us-gaap_StatementLineItems' xlink:label='us-gaap_StatementLineItems'/>
		<link:presentationArc xlink:type='arc' xlink:arcrole='http://www.xbrl.org/2003/arcrole/parent-child' xlink:from='us-gaap_StatementTable' xlink:to='us-gaap_StatementLineItems' use='optional' order='1.0'/>
		<link:loc xlink:type='locator' xlink:href='http://xbrl.fasb.org/us-gaap/2011/elts/us-gaap-2011-01-31.xsd#us-gaap_NetCashProvidedByUsedInOperatingActivitiesAbstract' xlink:label='us-gaap_NetCashProvidedByUsedInOperatingActivitiesAbstract'/>
		<link:presentationArc xlink:type='arc' xlink:arcrole='http://www.xbrl.org/2003/arcrole/parent-child' xlink:from='us-gaap_StatementLineItems' xlink:to='us-gaap_NetCashProvidedByUsedInOperatingActivitiesAbstract' use='optional' order='1.0'/>
		<link:loc xlink:type='locator' xlink:href='http://xbrl.fasb.org/us-gaap/2011/elts/us-gaap-2011-01-31.xsd#us-gaap_ProfitLoss' xlink:label='us-gaap_ProfitLoss'/>
		<link:presentationArc xlink:type='arc' xlink:arcrole='http://www.xbrl.org/2003/arcrole/parent-child' xlink:from='us-gaap_NetCashProvidedByUsedInOperatingActivitiesAbstract' xlink:to='us-gaap_ProfitLoss' use='optional' order='1.0'/>
		<link:loc xlink:type='locator' xlink:href='http://xbrl.fasb.org/us-gaap/2011/elts/us-gaap-2011-01-31.xsd#us-gaap_AdjustmentsToReconcileNetIncomeLossToCashProvidedByUsedInOperatingActivitiesAbstract' xlink:label='us-gaap_AdjustmentsToReconcileNetIncomeLossToCashProvidedByUsedInOperatingActivitiesAbstract'/>
		<link:presentationArc xlink:type='arc' xlink:arcrole='http://www.xbrl.org/2003/arcrole/parent-child' xlink:from='us-gaap_StatementLineItems' xlink:to='us-gaap_AdjustmentsToReconcileNetIncomeLossToCashProvidedByUsedInOperatingActivitiesAbstract' use='optional' order='2.0'/>
		<link:loc xlink:type='locator' xlink:href='aqsp-20110630.xsd#fil_AqspExpensesPaidByCapitalContributedByOfficer' xlink:label='fil_AqspExpensesPaidByCapitalContributedByOfficer'/>
		<link:presentationArc xlink:type='arc' xlink:arcrole='http://www.xbrl.org/2003/arcrole/parent-child' xlink:from='us-gaap_AdjustmentsToReconcileNetIncomeLossToCashProvidedByUsedInOperatingActivitiesAbstract' xlink:to='fil_AqspExpensesPaidByCapitalContributedByOfficer' use='optional' order='1.0'/>
		<link:loc xlink:type='locator' xlink:href='http://xbrl.fasb.org/us-gaap/2011/elts/us-gaap-2011-01-31.xsd#us-gaap_ShareBasedCompensation' xlink:label='us-gaap_ShareBasedCompensation'/>
		<link:presentationArc xlink:type='arc' xlink:arcrole='http://www.xbrl.org/2003/arcrole/parent-child' xlink:from='us-gaap_AdjustmentsToReconcileNetIncomeLossToCashProvidedByUsedInOperatingActivitiesAbstract' xlink:to='us-gaap_ShareBasedCompensation' use='optional' order='2.0'/>
		<link:loc xlink:type='locator' xlink:href='aqsp-20110630.xsd#fil_AqspAccruedInterestIncomePaidByIncreaseInRelatedPartyNotesReceivable' xlink:label='fil_AqspAccruedInterestIncomePaidByIncreaseInRelatedPartyNotesReceivable'/>
		<link:presentationArc xlink:type='arc' xlink:arcrole='http://www.xbrl.org/2003/arcrole/parent-child' xlink:from='us-gaap_AdjustmentsToReconcileNetIncomeLossToCashProvidedByUsedInOperatingActivitiesAbstract' xlink:to='fil_AqspAccruedInterestIncomePaidByIncreaseInRelatedPartyNotesReceivable' use='optional' order='3.0'/>
		<link:loc xlink:type='locator' xlink:href='aqsp-20110630.xsd#fil_AqspWaiverOfTaxLiabilityPenalty' xlink:label='fil_AqspWaiverOfTaxLiabilityPenalty'/>
		<link:presentationArc xlink:type='arc' xlink:arcrole='http://www.xbrl.org/2003/arcrole/parent-child' xlink:from='us-gaap_AdjustmentsToReconcileNetIncomeLossToCashProvidedByUsedInOperatingActivitiesAbstract' xlink:to='fil_AqspWaiverOfTaxLiabilityPenalty' use='optional' order='4.0'/>
		<link:loc xlink:type='locator' xlink:href='aqsp-20110630.xsd#fil_AqspAmortizationOfDiscountOnLongTermNotesPayableRelatedParties' xlink:label='fil_AqspAmortizationOfDiscountOnLongTermNotesPayableRelatedParties'/>
		<link:presentationArc xlink:type='arc' xlink:arcrole='http://www.xbrl.org/2003/arcrole/parent-child' xlink:from='us-gaap_AdjustmentsToReconcileNetIncomeLossToCashProvidedByUsedInOperatingActivitiesAbstract' xlink:to='fil_AqspAmortizationOfDiscountOnLongTermNotesPayableRelatedParties' use='optional' order='5.0'/>
		<link:loc xlink:type='locator' xlink:href='http://xbrl.fasb.org/us-gaap/2011/elts/us-gaap-2011-01-31.xsd#us-gaap_AmortizationOfDebtDiscountPremium' xlink:label='us-gaap_AmortizationOfDebtDiscountPremium'/>
		<link:presentationArc xlink:type='arc' xlink:arcrole='http://www.xbrl.org/2003/arcrole/parent-child' xlink:from='us-gaap_AdjustmentsToReconcileNetIncomeLossToCashProvidedByUsedInOperatingActivitiesAbstract' xlink:to='us-gaap_AmortizationOfDebtDiscountPremium' use='optional' order='6.0'/>
		<link:loc xlink:type='locator' xlink:href='http://xbrl.fasb.org/us-gaap/2011/elts/us-gaap-2011-01-31.xsd#us-gaap_IssuanceOfStockAndWarrantsForServicesOrClaims' xlink:label='us-gaap_IssuanceOfStockAndWarrantsForServicesOrClaims'/>
		<link:presentationArc xlink:type='arc' xlink:arcrole='http://www.xbrl.org/2003/arcrole/parent-child' xlink:from='us-gaap_AdjustmentsToReconcileNetIncomeLossToCashProvidedByUsedInOperatingActivitiesAbstract' xlink:to='us-gaap_IssuanceOfStockAndWarrantsForServicesOrClaims' use='optional' order='7.0'/>
		<link:loc xlink:type='locator' xlink:href='http://xbrl.fasb.org/us-gaap/2011/elts/us-gaap-2011-01-31.xsd#us-gaap_IncreaseDecreaseInOperatingCapitalAbstract' xlink:label='us-gaap_IncreaseDecreaseInOperatingCapitalAbstract'/>
		<link:presentationArc xlink:type='arc' xlink:arcrole='http://www.xbrl.org/2003/arcrole/parent-child' xlink:from='us-gaap_StatementLineItems' xlink:to='us-gaap_IncreaseDecreaseInOperatingCapitalAbstract' use='optional' order='3.0'/>
		<link:loc xlink:type='locator' xlink:href='http://xbrl.fasb.org/us-gaap/2011/elts/us-gaap-2011-01-31.xsd#us-gaap_IncreaseDecreaseInPrepaidExpense' xlink:label='us-gaap_IncreaseDecreaseInPrepaidExpense'/>
		<link:presentationArc xlink:type='arc' xlink:arcrole='http://www.xbrl.org/2003/arcrole/parent-child' xlink:from='us-gaap_IncreaseDecreaseInOperatingCapitalAbstract' xlink:to='us-gaap_IncreaseDecreaseInPrepaidExpense' use='optional' order='1.0'/>
		<link:loc xlink:type='locator' xlink:href='http://xbrl.fasb.org/us-gaap/2011/elts/us-gaap-2011-01-31.xsd#us-gaap_IncreaseDecreaseInAccountsPayable' xlink:label='us-gaap_IncreaseDecreaseInAccountsPayable'/>
		<link:presentationArc xlink:type='arc' xlink:arcrole='http://www.xbrl.org/2003/arcrole/parent-child' xlink:from='us-gaap_IncreaseDecreaseInOperatingCapitalAbstract' xlink:to='us-gaap_IncreaseDecreaseInAccountsPayable' use='optional' order='2.0' preferredLabel='http://www.xbrl.org/2003/role/terseLabel'/>
		<link:loc xlink:type='locator' xlink:href='aqsp-20110630.xsd#fil_AqspPayrollTaxPenaltiesAndAccruedInterest' xlink:label='fil_AqspPayrollTaxPenaltiesAndAccruedInterest'/>
		<link:presentationArc xlink:type='arc' xlink:arcrole='http://www.xbrl.org/2003/arcrole/parent-child' xlink:from='us-gaap_IncreaseDecreaseInOperatingCapitalAbstract' xlink:to='fil_AqspPayrollTaxPenaltiesAndAccruedInterest' use='optional' order='3.0'/>
		<link:loc xlink:type='locator' xlink:href='http://xbrl.fasb.org/us-gaap/2011/elts/us-gaap-2011-01-31.xsd#us-gaap_NetCashProvidedByUsedInOperatingActivities' xlink:label='us-gaap_NetCashProvidedByUsedInOperatingActivities'/>
		<link:presentationArc xlink:type='arc' xlink:arcrole='http://www.xbrl.org/2003/arcrole/parent-child' xlink:from='us-gaap_IncreaseDecreaseInOperatingCapitalAbstract' xlink:to='us-gaap_NetCashProvidedByUsedInOperatingActivities' use='optional' order='4.0' preferredLabel='http://www.xbrl.org/2003/role/totalLabel'/>
		<link:loc xlink:type='locator' xlink:href='http://xbrl.fasb.org/us-gaap/2011/elts/us-gaap-2011-01-31.xsd#us-gaap_NetCashProvidedByUsedInInvestingActivitiesAbstract' xlink:label='us-gaap_NetCashProvidedByUsedInInvestingActivitiesAbstract'/>
		<link:presentationArc xlink:type='arc' xlink:arcrole='http://www.xbrl.org/2003/arcrole/parent-child' xlink:from='us-gaap_StatementLineItems' xlink:to='us-gaap_NetCashProvidedByUsedInInvestingActivitiesAbstract' use='optional' order='4.0'/>
		<link:loc xlink:type='locator' xlink:href='aqsp-20110630.xsd#fil_AqspOriginationOfNotesReceivableFromRelatedPartiesCurrent' xlink:label='fil_AqspOriginationOfNotesReceivableFromRelatedPartiesCurrent'/>
		<link:presentationArc xlink:type='arc' xlink:arcrole='http://www.xbrl.org/2003/arcrole/parent-child' xlink:from='us-gaap_NetCashProvidedByUsedInInvestingActivitiesAbstract' xlink:to='fil_AqspOriginationOfNotesReceivableFromRelatedPartiesCurrent' use='optional' order='1.0'/>
		<link:loc xlink:type='locator' xlink:href='http://xbrl.fasb.org/us-gaap/2011/elts/us-gaap-2011-01-31.xsd#us-gaap_OriginationOfNotesReceivableFromRelatedParties' xlink:label='us-gaap_OriginationOfNotesReceivableFromRelatedParties'/>
		<link:presentationArc xlink:type='arc' xlink:arcrole='http://www.xbrl.org/2003/arcrole/parent-child' xlink:from='us-gaap_NetCashProvidedByUsedInInvestingActivitiesAbstract' xlink:to='us-gaap_OriginationOfNotesReceivableFromRelatedParties' use='optional' order='2.0'/>
		<link:loc xlink:type='locator' xlink:href='http://xbrl.fasb.org/us-gaap/2011/elts/us-gaap-2011-01-31.xsd#us-gaap_NetCashProvidedByUsedInInvestingActivities' xlink:label='us-gaap_NetCashProvidedByUsedInInvestingActivities'/>
		<link:presentationArc xlink:type='arc' xlink:arcrole='http://www.xbrl.org/2003/arcrole/parent-child' xlink:from='us-gaap_NetCashProvidedByUsedInInvestingActivitiesAbstract' xlink:to='us-gaap_NetCashProvidedByUsedInInvestingActivities' use='optional' order='3.0' preferredLabel='http://www.xbrl.org/2003/role/totalLabel'/>
		<link:loc xlink:type='locator' xlink:href='http://xbrl.fasb.org/us-gaap/2011/elts/us-gaap-2011-01-31.xsd#us-gaap_NetCashProvidedByUsedInFinancingActivitiesAbstract' xlink:label='us-gaap_NetCashProvidedByUsedInFinancingActivitiesAbstract'/>
		<link:presentationArc xlink:type='arc' xlink:arcrole='http://www.xbrl.org/2003/arcrole/parent-child' xlink:from='us-gaap_StatementLineItems' xlink:to='us-gaap_NetCashProvidedByUsedInFinancingActivitiesAbstract' use='optional' order='5.0'/>
		<link:loc xlink:type='locator' xlink:href='aqsp-20110630.xsd#fil_AqspProceedsFromIssuanceOfNotesPayableAndWarrantsToRelatedParties' xlink:label='fil_AqspProceedsFromIssuanceOfNotesPayableAndWarrantsToRelatedParties'/>
		<link:presentationArc xlink:type='arc' xlink:arcrole='http://www.xbrl.org/2003/arcrole/parent-child' xlink:from='us-gaap_NetCashProvidedByUsedInFinancingActivitiesAbstract' xlink:to='fil_AqspProceedsFromIssuanceOfNotesPayableAndWarrantsToRelatedParties' use='optional' order='1.0'/>
		<link:loc xlink:type='locator' xlink:href='aqsp-20110630.xsd#fil_AqspProceedsFromIssuanceOfNotesPayableAndWarrants' xlink:label='fil_AqspProceedsFromIssuanceOfNotesPayableAndWarrants'/>
		<link:presentationArc xlink:type='arc' xlink:arcrole='http://www.xbrl.org/2003/arcrole/parent-child' xlink:from='us-gaap_NetCashProvidedByUsedInFinancingActivitiesAbstract' xlink:to='fil_AqspProceedsFromIssuanceOfNotesPayableAndWarrants' use='optional' order='2.0'/>
		<link:loc xlink:type='locator' xlink:href='http://xbrl.fasb.org/us-gaap/2011/elts/us-gaap-2011-01-31.xsd#us-gaap_ProceedsFromRelatedPartyDebt' xlink:label='us-gaap_ProceedsFromRelatedPartyDebt'/>
		<link:presentationArc xlink:type='arc' xlink:arcrole='http://www.xbrl.org/2003/arcrole/parent-child' xlink:from='us-gaap_NetCashProvidedByUsedInFinancingActivitiesAbstract' xlink:to='us-gaap_ProceedsFromRelatedPartyDebt' use='optional' order='3.0'/>
		<link:loc xlink:type='locator' xlink:href='http://xbrl.fasb.org/us-gaap/2011/elts/us-gaap-2011-01-31.xsd#us-gaap_ProceedsFromRepaymentsOfRelatedPartyDebt' xlink:label='us-gaap_ProceedsFromRepaymentsOfRelatedPartyDebt'/>
		<link:presentationArc xlink:type='arc' xlink:arcrole='http://www.xbrl.org/2003/arcrole/parent-child' xlink:from='us-gaap_NetCashProvidedByUsedInFinancingActivitiesAbstract' xlink:to='us-gaap_ProceedsFromRepaymentsOfRelatedPartyDebt' use='optional' order='4.0'/>
		<link:loc xlink:type='locator' xlink:href='http://xbrl.fasb.org/us-gaap/2011/elts/us-gaap-2011-01-31.xsd#us-gaap_ProceedsFromIssuanceOfCommonStock' xlink:label='us-gaap_ProceedsFromIssuanceOfCommonStock'/>
		<link:presentationArc xlink:type='arc' xlink:arcrole='http://www.xbrl.org/2003/arcrole/parent-child' xlink:from='us-gaap_NetCashProvidedByUsedInFinancingActivitiesAbstract' xlink:to='us-gaap_ProceedsFromIssuanceOfCommonStock' use='optional' order='5.0'/>
		<link:loc xlink:type='locator' xlink:href='http://xbrl.fasb.org/us-gaap/2011/elts/us-gaap-2011-01-31.xsd#us-gaap_PaymentsForRepurchaseOfCommonStock' xlink:label='us-gaap_PaymentsForRepurchaseOfCommonStock'/>
		<link:presentationArc xlink:type='arc' xlink:arcrole='http://www.xbrl.org/2003/arcrole/parent-child' xlink:from='us-gaap_NetCashProvidedByUsedInFinancingActivitiesAbstract' xlink:to='us-gaap_PaymentsForRepurchaseOfCommonStock' use='optional' order='6.0'/>
		<link:loc xlink:type='locator' xlink:href='http://xbrl.fasb.org/us-gaap/2011/elts/us-gaap-2011-01-31.xsd#us-gaap_NetCashProvidedByUsedInFinancingActivities' xlink:label='us-gaap_NetCashProvidedByUsedInFinancingActivities'/>
		<link:presentationArc xlink:type='arc' xlink:arcrole='http://www.xbrl.org/2003/arcrole/parent-child' xlink:from='us-gaap_NetCashProvidedByUsedInFinancingActivitiesAbstract' xlink:to='us-gaap_NetCashProvidedByUsedInFinancingActivities' use='optional' order='7.0' preferredLabel='http://www.xbrl.org/2003/role/totalLabel'/>
		<link:loc xlink:type='locator' xlink:href='http://xbrl.fasb.org/us-gaap/2011/elts/us-gaap-2011-01-31.xsd#us-gaap_CashAndCashEquivalentsPeriodIncreaseDecrease' xlink:label='us-gaap_CashAndCashEquivalentsPeriodIncreaseDecrease'/>
		<link:presentationArc xlink:type='arc' xlink:arcrole='http://www.xbrl.org/2003/arcrole/parent-child' xlink:from='us-gaap_StatementLineItems' xlink:to='us-gaap_CashAndCashEquivalentsPeriodIncreaseDecrease' use='optional' order='6.0' preferredLabel='http://www.xbrl.org/2003/role/totalLabel'/>
		<link:loc xlink:type='locator' xlink:href='http://xbrl.fasb.org/us-gaap/2011/elts/us-gaap-2011-01-31.xsd#us-gaap_CashAndCashEquivalentsAtCarryingValue' xlink:label='us-gaap_CashAndCashEquivalentsAtCarryingValue'/>
		<link:presentationArc xlink:type='arc' xlink:arcrole='http://www.xbrl.org/2003/arcrole/parent-child' xlink:from='us-gaap_StatementLineItems' xlink:to='us-gaap_CashAndCashEquivalentsAtCarryingValue' use='optional' order='7.0' preferredLabel='http://www.xbrl.org/2003/role/periodStartLabel'/>
		<link:loc xlink:type='locator' xlink:href='http://xbrl.fasb.org/us-gaap/2011/elts/us-gaap-2011-01-31.xsd#us-gaap_CashAndCashEquivalentsAtCarryingValue' xlink:label='us-gaap_CashAndCashEquivalentsAtCarryingValue_1'/>
		<link:presentationArc xlink:type='arc' xlink:arcrole='http://www.xbrl.org/2003/arcrole/parent-child' xlink:from='us-gaap_StatementLineItems' xlink:to='us-gaap_CashAndCashEquivalentsAtCarryingValue_1' use='optional' order='8.0' preferredLabel='http://www.xbrl.org/2003/role/periodEndLabel'/>
		<link:loc xlink:type='locator' xlink:href='http://xbrl.fasb.org/us-gaap/2011/elts/us-gaap-2011-01-31.xsd#us-gaap_SupplementalCashFlowInformationAbstract' xlink:label='us-gaap_SupplementalCashFlowInformationAbstract'/>
		<link:presentationArc xlink:type='arc' xlink:arcrole='http://www.xbrl.org/2003/arcrole/parent-child' xlink:from='us-gaap_StatementLineItems' xlink:to='us-gaap_SupplementalCashFlowInformationAbstract' use='optional' order='9.0'/>
		<link:loc xlink:type='locator' xlink:href='http://xbrl.fasb.org/us-gaap/2011/elts/us-gaap-2011-01-31.xsd#us-gaap_InterestPaid' xlink:label='us-gaap_InterestPaid'/>
		<link:presentationArc xlink:type='arc' xlink:arcrole='http://www.xbrl.org/2003/arcrole/parent-child' xlink:from='us-gaap_SupplementalCashFlowInformationAbstract' xlink:to='us-gaap_InterestPaid' use='optional' order='1.0'/>
		<link:loc xlink:type='locator' xlink:href='http://xbrl.fasb.org/us-gaap/2011/elts/us-gaap-2011-01-31.xsd#us-gaap_CashFlowNoncashInvestingAndFinancingActivitiesDisclosureAbstract' xlink:label='us-gaap_CashFlowNoncashInvestingAndFinancingActivitiesDisclosureAbstract'/>
		<link:presentationArc xlink:type='arc' xlink:arcrole='http://www.xbrl.org/2003/arcrole/parent-child' xlink:from='us-gaap_StatementLineItems' xlink:to='us-gaap_CashFlowNoncashInvestingAndFinancingActivitiesDisclosureAbstract' use='optional' order='10.0'/>
		<link:loc xlink:type='locator' xlink:href='aqsp-20110630.xsd#fil_AqspNotePayableAndWarrantsIssuedToRelatedPartyInExchangeForANoteReceivableFromARelatedParty' xlink:label='fil_AqspNotePayableAndWarrantsIssuedToRelatedPartyInExchangeForANoteReceivableFromARelatedParty'/>
		<link:presentationArc xlink:type='arc' xlink:arcrole='http://www.xbrl.org/2003/arcrole/parent-child' xlink:from='us-gaap_CashFlowNoncashInvestingAndFinancingActivitiesDisclosureAbstract' xlink:to='fil_AqspNotePayableAndWarrantsIssuedToRelatedPartyInExchangeForANoteReceivableFromARelatedParty' use='optional' order='1.0'/>
		<link:loc xlink:type='locator' xlink:href='aqsp-20110630.xsd#fil_AqspNotePayableAndWarrantsIssuedInExchangeForNotesReceivableFromARelatedParty' xlink:label='fil_AqspNotePayableAndWarrantsIssuedInExchangeForNotesReceivableFromARelatedParty'/>
		<link:presentationArc xlink:type='arc' xlink:arcrole='http://www.xbrl.org/2003/arcrole/parent-child' xlink:from='us-gaap_CashFlowNoncashInvestingAndFinancingActivitiesDisclosureAbstract' xlink:to='fil_AqspNotePayableAndWarrantsIssuedInExchangeForNotesReceivableFromARelatedParty' use='optional' order='2.0'/>
	</link:presentationLink>
	<link:roleRef roleURI="http://aqsp/20110630/role/idr_DisclosureBasisOfPresentation" xlink:type="simple" xlink:href="aqsp-20110630.xsd#idr_DisclosureBasisOfPresentation"/>
	<link:presentationLink xlink:type="extended" xlink:role="http://aqsp/20110630/role/idr_DisclosureBasisOfPresentation">
		<link:loc xlink:type='locator' xlink:href='http://xbrl.fasb.org/us-gaap/2011/elts/us-gaap-2011-01-31.xsd#us-gaap_AccountingPoliciesAbstract' xlink:label='us-gaap_AccountingPoliciesAbstract'/>
		<link:loc xlink:type='locator' xlink:href='http://xbrl.fasb.org/us-gaap/2011/elts/us-gaap-2011-01-31.xsd#us-gaap_BasisOfPresentationAndSignificantAccountingPoliciesTextBlock' xlink:label='us-gaap_BasisOfPresentationAndSignificantAccountingPoliciesTextBlock'/>
		<link:presentationArc xlink:type='arc' xlink:arcrole='http://www.xbrl.org/2003/arcrole/parent-child' xlink:from='us-gaap_AccountingPoliciesAbstract' xlink:to='us-gaap_BasisOfPresentationAndSignificantAccountingPoliciesTextBlock' use='optional' order='1.0' preferredLabel='http://www.xbrl.org/2003/role/terseLabel'/>
	</link:presentationLink>
	<link:roleRef roleURI="http://aqsp/20110630/role/idr_DisclosureOrganizationAndSummaryOfSignificantAccountingPolicies" xlink:type="simple" xlink:href="aqsp-20110630.xsd#idr_DisclosureOrganizationAndSummaryOfSignificantAccountingPolicies"/>
	<link:presentationLink xlink:type="extended" xlink:role="http://aqsp/20110630/role/idr_DisclosureOrganizationAndSummaryOfSignificantAccountingPolicies">
		<link:loc xlink:type='locator' xlink:href='http://xbrl.fasb.org/us-gaap/2011/elts/us-gaap-2011-01-31.xsd#us-gaap_OrganizationConsolidationAndPresentationOfFinancialStatementsAbstract' xlink:label='us-gaap_OrganizationConsolidationAndPresentationOfFinancialStatementsAbstract'/>
		<link:loc xlink:type='locator' xlink:href='http://xbrl.fasb.org/us-gaap/2011/elts/us-gaap-2011-01-31.xsd#us-gaap_OrganizationConsolidationAndPresentationOfFinancialStatementsDisclosureAndSignificantAccountingPoliciesTextBlock' xlink:label='us-gaap_OrganizationConsolidationAndPresentationOfFinancialStatementsDisclosureAndSignificantAccountingPoliciesTextBlock'/>
		<link:presentationArc xlink:type='arc' xlink:arcrole='http://www.xbrl.org/2003/arcrole/parent-child' xlink:from='us-gaap_OrganizationConsolidationAndPresentationOfFinancialStatementsAbstract' xlink:to='us-gaap_OrganizationConsolidationAndPresentationOfFinancialStatementsDisclosureAndSignificantAccountingPoliciesTextBlock' use='optional' order='1.0' preferredLabel='http://www.xbrl.org/2003/role/terseLabel'/>
	</link:presentationLink>
	<link:roleRef roleURI="http://aqsp/20110630/role/idr_DisclosureRelatedPartyTransactions" xlink:type="simple" xlink:href="aqsp-20110630.xsd#idr_DisclosureRelatedPartyTransactions"/>
	<link:presentationLink xlink:type="extended" xlink:role="http://aqsp/20110630/role/idr_DisclosureRelatedPartyTransactions">
		<link:loc xlink:type='locator' xlink:href='aqsp-20110630.xsd#fil_RelatedPartyDisclosuresAbstract' xlink:label='fil_RelatedPartyDisclosuresAbstract'/>
		<link:loc xlink:type='locator' xlink:href='http://xbrl.fasb.org/us-gaap/2011/elts/us-gaap-2011-01-31.xsd#us-gaap_RelatedPartyTransactionsDisclosureTextBlock' xlink:label='us-gaap_RelatedPartyTransactionsDisclosureTextBlock'/>
		<link:presentationArc xlink:type='arc' xlink:arcrole='http://www.xbrl.org/2003/arcrole/parent-child' xlink:from='fil_RelatedPartyDisclosuresAbstract' xlink:to='us-gaap_RelatedPartyTransactionsDisclosureTextBlock' use='optional' order='1.0' preferredLabel='http://www.xbrl.org/2003/role/terseLabel'/>
	</link:presentationLink>
	<link:roleRef roleURI="http://aqsp/20110630/role/idr_DisclosureWaiverOfTaxLiabilityPenalty" xlink:type="simple" xlink:href="aqsp-20110630.xsd#idr_DisclosureWaiverOfTaxLiabilityPenalty"/>
	<link:presentationLink xlink:type="extended" xlink:role="http://aqsp/20110630/role/idr_DisclosureWaiverOfTaxLiabilityPenalty">
		<link:loc xlink:type='locator' xlink:href='aqsp-20110630.xsd#fil_WaiverOfTaxLiabilityPenaltyAbstract' xlink:label='fil_WaiverOfTaxLiabilityPenaltyAbstract'/>
		<link:loc xlink:type='locator' xlink:href='aqsp-20110630.xsd#fil_AqspWaiverOfTaxLiabilityPenaltyTextBlock' xlink:label='fil_AqspWaiverOfTaxLiabilityPenaltyTextBlock'/>
		<link:presentationArc xlink:type='arc' xlink:arcrole='http://www.xbrl.org/2003/arcrole/parent-child' xlink:from='fil_WaiverOfTaxLiabilityPenaltyAbstract' xlink:to='fil_AqspWaiverOfTaxLiabilityPenaltyTextBlock' use='optional' order='1.0' preferredLabel='http://www.xbrl.org/2003/role/terseLabel'/>
	</link:presentationLink>
	<link:roleRef roleURI="http://aqsp/20110630/role/idr_DisclosureLetterOfIntent" xlink:type="simple" xlink:href="aqsp-20110630.xsd#idr_DisclosureLetterOfIntent"/>
	<link:presentationLink xlink:type="extended" xlink:role="http://aqsp/20110630/role/idr_DisclosureLetterOfIntent">
		<link:loc xlink:type='locator' xlink:href='aqsp-20110630.xsd#fil_LetterOfIntentAbstract' xlink:label='fil_LetterOfIntentAbstract'/>
		<link:loc xlink:type='locator' xlink:href='aqsp-20110630.xsd#fil_LetterOfIntentTextBlock' xlink:label='fil_LetterOfIntentTextBlock'/>
		<link:presentationArc xlink:type='arc' xlink:arcrole='http://www.xbrl.org/2003/arcrole/parent-child' xlink:from='fil_LetterOfIntentAbstract' xlink:to='fil_LetterOfIntentTextBlock' use='optional' order='1.0' preferredLabel='http://www.xbrl.org/2003/role/terseLabel'/>
	</link:presentationLink>
	<link:roleRef roleURI="http://aqsp/20110630/role/idr_DisclosureStockOptions" xlink:type="simple" xlink:href="aqsp-20110630.xsd#idr_DisclosureStockOptions"/>
	<link:presentationLink xlink:type="extended" xlink:role="http://aqsp/20110630/role/idr_DisclosureStockOptions">
		<link:loc xlink:type='locator' xlink:href='aqsp-20110630.xsd#fil_StockOptionsAbstract' xlink:label='fil_StockOptionsAbstract'/>
		<link:loc xlink:type='locator' xlink:href='aqsp-20110630.xsd#fil_AqspStockOptions' xlink:label='fil_AqspStockOptions'/>
		<link:presentationArc xlink:type='arc' xlink:arcrole='http://www.xbrl.org/2003/arcrole/parent-child' xlink:from='fil_StockOptionsAbstract' xlink:to='fil_AqspStockOptions' use='optional' order='1.0' preferredLabel='http://www.xbrl.org/2003/role/terseLabel'/>
	</link:presentationLink>
	<link:roleRef roleURI="http://aqsp/20110630/role/idr_DisclosureLongTermLiabilities" xlink:type="simple" xlink:href="aqsp-20110630.xsd#idr_DisclosureLongTermLiabilities"/>
	<link:presentationLink xlink:type="extended" xlink:role="http://aqsp/20110630/role/idr_DisclosureLongTermLiabilities">
		<link:loc xlink:type='locator' xlink:href='aqsp-20110630.xsd#fil_LongTermLiabilitiesAbstract' xlink:label='fil_LongTermLiabilitiesAbstract'/>
		<link:loc xlink:type='locator' xlink:href='aqsp-20110630.xsd#fil_AqspLongTermLiabilities' xlink:label='fil_AqspLongTermLiabilities'/>
		<link:presentationArc xlink:type='arc' xlink:arcrole='http://www.xbrl.org/2003/arcrole/parent-child' xlink:from='fil_LongTermLiabilitiesAbstract' xlink:to='fil_AqspLongTermLiabilities' use='optional' order='1.0' preferredLabel='http://www.xbrl.org/2003/role/terseLabel'/>
	</link:presentationLink>
</link:linkbase>
