<?xml version='1.0' encoding='iso-8859-1'?>
<!-- Produced by EDGARsuite software, Advanced Computer Innovations, Inc., Copyright (C) 2008-2011 -->
<link:linkbase xmlns="http://www.xbrl.org/2003/linkbase"
		xmlns:xsi="http://www.w3.org/2001/XMLSchema-instance"
		xsi:schemaLocation="http://www.xbrl.org/2003/linkbase http://www.xbrl.org/2003/xbrl-linkbase-2003-12-31.xsd"
		xmlns:fil="http://aqsp/20110630"
		xmlns:link="http://www.xbrl.org/2003/linkbase"
		xmlns:xlink="http://www.w3.org/1999/xlink"
		xmlns:xbrldt="http://xbrl.org/2005/xbrldt"
		xmlns:xbrli="http://www.xbrl.org/2003/instance">
	<roleRef xlink:type="simple" xlink:href="http://www.xbrl.org/lrr/role/negated-2009-12-16.xsd#negatedLabel" roleURI="http://www.xbrl.org/2009/role/negatedLabel"/>
	<roleRef xlink:type="simple" xlink:href="http://www.xbrl.org/lrr/role/negated-2009-12-16.xsd#negatedPeriodEndLabel" roleURI="http://www.xbrl.org/2009/role/negatedPeriodEndLabel"/>
	<roleRef xlink:type="simple" xlink:href="http://www.xbrl.org/lrr/role/negated-2009-12-16.xsd#negatedPeriodStartLabel" roleURI="http://www.xbrl.org/2009/role/negatedPeriodStartLabel"/>
	<roleRef xlink:type="simple" xlink:href="http://www.xbrl.org/lrr/role/negated-2009-12-16.xsd#negatedTerseLabel" roleURI="http://www.xbrl.org/2009/role/negatedTerseLabel"/>
	<roleRef xlink:type="simple" xlink:href="http://www.xbrl.org/lrr/role/negated-2009-12-16.xsd#negatedTotalLabel" roleURI="http://www.xbrl.org/2009/role/negatedTotalLabel"/>
	<link:labelLink xlink:type="extended" xlink:role="http://www.xbrl.org/2003/role/link">
		<link:loc xlink:type='locator' xlink:href='http://xbrl.fasb.org/us-gaap/2011/elts/us-gaap-2011-01-31.xsd#us-gaap_OrganizationConsolidationAndPresentationOfFinancialStatementsAbstract' xlink:label='us-gaap_OrganizationConsolidationAndPresentationOfFinancialStatementsAbstract'/>
		<link:label xlink:type='resource' xlink:label='lab_us-gaap_OrganizationConsolidationAndPresentationOfFinancialStatementsAbstract' xlink:role='http://www.xbrl.org/2003/role/label' xml:lang='en-US'>Organization and Summary of Significant Accounting Policies</link:label>
		<link:labelArc order='1.0' xlink:type='arc' xlink:arcrole='http://www.xbrl.org/2003/arcrole/concept-label' xlink:from='us-gaap_OrganizationConsolidationAndPresentationOfFinancialStatementsAbstract' xlink:to='lab_us-gaap_OrganizationConsolidationAndPresentationOfFinancialStatementsAbstract'/>
		<link:loc xlink:type='locator' xlink:href='aqsp-20110630.xsd#fil_AqspProceedsFromIssuanceOfNotesPayableAndWarrantsToRelatedParties' xlink:label='fil_AqspProceedsFromIssuanceOfNotesPayableAndWarrantsToRelatedParties'/>
		<link:label xlink:type='resource' xlink:label='lab_fil_AqspProceedsFromIssuanceOfNotesPayableAndWarrantsToRelatedParties' xlink:role='http://www.xbrl.org/2003/role/label' xml:lang='en-US'>Proceeds from issuance of notes payable and warrants to related parties</link:label>
		<link:label xlink:type='resource' xlink:label='lab_fil_AqspProceedsFromIssuanceOfNotesPayableAndWarrantsToRelatedParties' xlink:role='http://www.xbrl.org/2003/role/documentation' xml:lang='en-US'>The cash outflow for a loan due within one year, supported by a promissory note, granted to related parties where one party can exercise control or significant influence over another party; including affiliates, owners or officers and their immediate families, pension trusts, and so forth.</link:label>
		<link:labelArc order='1.0' xlink:type='arc' xlink:arcrole='http://www.xbrl.org/2003/arcrole/concept-label' xlink:from='fil_AqspProceedsFromIssuanceOfNotesPayableAndWarrantsToRelatedParties' xlink:to='lab_fil_AqspProceedsFromIssuanceOfNotesPayableAndWarrantsToRelatedParties'/>
		<link:loc xlink:type='locator' xlink:href='http://xbrl.fasb.org/us-gaap/2011/elts/us-gaap-2011-01-31.xsd#us-gaap_NetCashProvidedByUsedInInvestingActivities' xlink:label='us-gaap_NetCashProvidedByUsedInInvestingActivities'/>
		<link:label xlink:type='resource' xlink:label='lab_us-gaap_NetCashProvidedByUsedInInvestingActivities' xlink:role='http://www.xbrl.org/2003/role/label' xml:lang='en-US'>Net Cash Used in Investing Activities</link:label>
		<link:label xlink:type='resource' xlink:label='lab_us-gaap_NetCashProvidedByUsedInInvestingActivities' xlink:role='http://www.xbrl.org/2003/role/totalLabel' xml:lang='en-US'>Net Cash Used in Investing Activities</link:label>
		<link:labelArc order='1.0' xlink:type='arc' xlink:arcrole='http://www.xbrl.org/2003/arcrole/concept-label' xlink:from='us-gaap_NetCashProvidedByUsedInInvestingActivities' xlink:to='lab_us-gaap_NetCashProvidedByUsedInInvestingActivities'/>
		<link:loc xlink:type='locator' xlink:href='http://xbrl.fasb.org/us-gaap/2011/elts/us-gaap-2011-01-31.xsd#us-gaap_CommonStockSharesOutstanding' xlink:label='us-gaap_CommonStockSharesOutstanding'/>
		<link:label xlink:type='resource' xlink:label='lab_us-gaap_CommonStockSharesOutstanding' xlink:role='http://www.xbrl.org/2003/role/label' xml:lang='en-US'>Common Stock, shares outstanding</link:label>
		<link:labelArc order='1.0' xlink:type='arc' xlink:arcrole='http://www.xbrl.org/2003/arcrole/concept-label' xlink:from='us-gaap_CommonStockSharesOutstanding' xlink:to='lab_us-gaap_CommonStockSharesOutstanding'/>
		<link:loc xlink:type='locator' xlink:href='http://xbrl.fasb.org/us-gaap/2011/elts/us-gaap-2011-01-31.xsd#us-gaap_PreferredStockValue' xlink:label='us-gaap_PreferredStockValue'/>
		<link:label xlink:type='resource' xlink:label='lab_us-gaap_PreferredStockValue' xlink:role='http://www.xbrl.org/2003/role/label' xml:lang='en-US'>Preferred stock, $0.001 par value, 10,000,000 shares authorized, no shares issued and outstanding</link:label>
		<link:labelArc order='1.0' xlink:type='arc' xlink:arcrole='http://www.xbrl.org/2003/arcrole/concept-label' xlink:from='us-gaap_PreferredStockValue' xlink:to='lab_us-gaap_PreferredStockValue'/>
		<link:loc xlink:type='locator' xlink:href='http://xbrl.fasb.org/us-gaap/2011/elts/us-gaap-2011-01-31.xsd#us-gaap_LongTermDebtAbstract' xlink:label='us-gaap_LongTermDebtAbstract'/>
		<link:label xlink:type='resource' xlink:label='lab_us-gaap_LongTermDebtAbstract' xlink:role='http://www.xbrl.org/2003/role/label' xml:lang='en-US'>Long-term Liabilities:</link:label>
		<link:labelArc order='1.0' xlink:type='arc' xlink:arcrole='http://www.xbrl.org/2003/arcrole/concept-label' xlink:from='us-gaap_LongTermDebtAbstract' xlink:to='lab_us-gaap_LongTermDebtAbstract'/>
		<link:loc xlink:type='locator' xlink:href='http://xbrl.fasb.org/us-gaap/2011/elts/us-gaap-2011-01-31.xsd#us-gaap_LiabilitiesCurrentAbstract' xlink:label='us-gaap_LiabilitiesCurrentAbstract'/>
		<link:label xlink:type='resource' xlink:label='lab_us-gaap_LiabilitiesCurrentAbstract' xlink:role='http://www.xbrl.org/2003/role/label' xml:lang='en-US'>Current Liabilities:</link:label>
		<link:labelArc order='1.0' xlink:type='arc' xlink:arcrole='http://www.xbrl.org/2003/arcrole/concept-label' xlink:from='us-gaap_LiabilitiesCurrentAbstract' xlink:to='lab_us-gaap_LiabilitiesCurrentAbstract'/>
		<link:loc xlink:type='locator' xlink:href='http://xbrl.sec.gov/dei/2011/dei-2011-01-31.xsd#dei_EntityCentralIndexKey' xlink:label='dei_EntityCentralIndexKey'/>
		<link:label xlink:type='resource' xlink:label='lab_dei_EntityCentralIndexKey' xlink:role='http://www.xbrl.org/2003/role/label' xml:lang='en-US'>Entity Central Index Key</link:label>
		<link:labelArc order='1.0' xlink:type='arc' xlink:arcrole='http://www.xbrl.org/2003/arcrole/concept-label' xlink:from='dei_EntityCentralIndexKey' xlink:to='lab_dei_EntityCentralIndexKey'/>
		<link:loc xlink:type='locator' xlink:href='http://xbrl.fasb.org/us-gaap/2011/elts/us-gaap-2011-01-31.xsd#us-gaap_OrganizationConsolidationAndPresentationOfFinancialStatementsDisclosureAndSignificantAccountingPoliciesTextBlock' xlink:label='us-gaap_OrganizationConsolidationAndPresentationOfFinancialStatementsDisclosureAndSignificantAccountingPoliciesTextBlock'/>
		<link:label xlink:type='resource' xlink:label='lab_us-gaap_OrganizationConsolidationAndPresentationOfFinancialStatementsDisclosureAndSignificantAccountingPoliciesTextBlock' xlink:role='http://www.xbrl.org/2003/role/label' xml:lang='en-US'>Organization and Summary of Significant Accounting Policies {1}</link:label>
		<link:label xlink:type='resource' xlink:label='lab_us-gaap_OrganizationConsolidationAndPresentationOfFinancialStatementsDisclosureAndSignificantAccountingPoliciesTextBlock' xlink:role='http://www.xbrl.org/2003/role/terseLabel' xml:lang='en-US'>Organization and Summary of Significant Accounting Policies</link:label>
		<link:labelArc order='1.0' xlink:type='arc' xlink:arcrole='http://www.xbrl.org/2003/arcrole/concept-label' xlink:from='us-gaap_OrganizationConsolidationAndPresentationOfFinancialStatementsDisclosureAndSignificantAccountingPoliciesTextBlock' xlink:to='lab_us-gaap_OrganizationConsolidationAndPresentationOfFinancialStatementsDisclosureAndSignificantAccountingPoliciesTextBlock'/>
		<link:loc xlink:type='locator' xlink:href='http://xbrl.fasb.org/us-gaap/2011/elts/us-gaap-2011-01-31.xsd#us-gaap_BasisOfPresentationAndSignificantAccountingPoliciesTextBlock' xlink:label='us-gaap_BasisOfPresentationAndSignificantAccountingPoliciesTextBlock'/>
		<link:label xlink:type='resource' xlink:label='lab_us-gaap_BasisOfPresentationAndSignificantAccountingPoliciesTextBlock' xlink:role='http://www.xbrl.org/2003/role/label' xml:lang='en-US'>Basis of Presentation {1}</link:label>
		<link:label xlink:type='resource' xlink:label='lab_us-gaap_BasisOfPresentationAndSignificantAccountingPoliciesTextBlock' xlink:role='http://www.xbrl.org/2003/role/terseLabel' xml:lang='en-US'>Basis of Presentation</link:label>
		<link:labelArc order='1.0' xlink:type='arc' xlink:arcrole='http://www.xbrl.org/2003/arcrole/concept-label' xlink:from='us-gaap_BasisOfPresentationAndSignificantAccountingPoliciesTextBlock' xlink:to='lab_us-gaap_BasisOfPresentationAndSignificantAccountingPoliciesTextBlock'/>
		<link:loc xlink:type='locator' xlink:href='aqsp-20110630.xsd#fil_AqspProceedsFromIssuanceOfNotesPayableAndWarrants' xlink:label='fil_AqspProceedsFromIssuanceOfNotesPayableAndWarrants'/>
		<link:label xlink:type='resource' xlink:label='lab_fil_AqspProceedsFromIssuanceOfNotesPayableAndWarrants' xlink:role='http://www.xbrl.org/2003/role/label' xml:lang='en-US'>Proceeds from issuance of notes payable and warrants</link:label>
		<link:label xlink:type='resource' xlink:label='lab_fil_AqspProceedsFromIssuanceOfNotesPayableAndWarrants' xlink:role='http://www.xbrl.org/2003/role/documentation' xml:lang='en-US'>Proceeds from issuance of notes payable and warrants.</link:label>
		<link:labelArc order='1.0' xlink:type='arc' xlink:arcrole='http://www.xbrl.org/2003/arcrole/concept-label' xlink:from='fil_AqspProceedsFromIssuanceOfNotesPayableAndWarrants' xlink:to='lab_fil_AqspProceedsFromIssuanceOfNotesPayableAndWarrants'/>
		<link:loc xlink:type='locator' xlink:href='http://xbrl.fasb.org/us-gaap/2011/elts/us-gaap-2011-01-31.xsd#us-gaap_IncreaseDecreaseInOperatingCapitalAbstract' xlink:label='us-gaap_IncreaseDecreaseInOperatingCapitalAbstract'/>
		<link:label xlink:type='resource' xlink:label='lab_us-gaap_IncreaseDecreaseInOperatingCapitalAbstract' xlink:role='http://www.xbrl.org/2003/role/label' xml:lang='en-US'>Changes in assets and liabilities:</link:label>
		<link:labelArc order='1.0' xlink:type='arc' xlink:arcrole='http://www.xbrl.org/2003/arcrole/concept-label' xlink:from='us-gaap_IncreaseDecreaseInOperatingCapitalAbstract' xlink:to='lab_us-gaap_IncreaseDecreaseInOperatingCapitalAbstract'/>
		<link:loc xlink:type='locator' xlink:href='aqsp-20110630.xsd#fil_AqspAccruedInterestIncomePaidByIncreaseInRelatedPartyNotesReceivable' xlink:label='fil_AqspAccruedInterestIncomePaidByIncreaseInRelatedPartyNotesReceivable'/>
		<link:label xlink:type='resource' xlink:label='lab_fil_AqspAccruedInterestIncomePaidByIncreaseInRelatedPartyNotesReceivable' xlink:role='http://www.xbrl.org/2003/role/label' xml:lang='en-US'>Accrued interest income paid by increase in related party notes receivable</link:label>
		<link:label xlink:type='resource' xlink:label='lab_fil_AqspAccruedInterestIncomePaidByIncreaseInRelatedPartyNotesReceivable' xlink:role='http://www.xbrl.org/2003/role/documentation' xml:lang='en-US'>Expenses paid by capital contributed by officer.</link:label>
		<link:labelArc order='1.0' xlink:type='arc' xlink:arcrole='http://www.xbrl.org/2003/arcrole/concept-label' xlink:from='fil_AqspAccruedInterestIncomePaidByIncreaseInRelatedPartyNotesReceivable' xlink:to='lab_fil_AqspAccruedInterestIncomePaidByIncreaseInRelatedPartyNotesReceivable'/>
		<link:loc xlink:type='locator' xlink:href='http://xbrl.fasb.org/us-gaap/2011/elts/us-gaap-2011-01-31.xsd#us-gaap_LiabilitiesAndStockholdersEquityAbstract' xlink:label='us-gaap_LiabilitiesAndStockholdersEquityAbstract'/>
		<link:label xlink:type='resource' xlink:label='lab_us-gaap_LiabilitiesAndStockholdersEquityAbstract' xlink:role='http://www.xbrl.org/2003/role/label' xml:lang='en-US'>Liabilities and Stockholders&apos; Equity (Deficit):</link:label>
		<link:labelArc order='1.0' xlink:type='arc' xlink:arcrole='http://www.xbrl.org/2003/arcrole/concept-label' xlink:from='us-gaap_LiabilitiesAndStockholdersEquityAbstract' xlink:to='lab_us-gaap_LiabilitiesAndStockholdersEquityAbstract'/>
		<link:loc xlink:type='locator' xlink:href='http://xbrl.fasb.org/us-gaap/2011/elts/us-gaap-2011-01-31.xsd#us-gaap_AccountingPoliciesAbstract' xlink:label='us-gaap_AccountingPoliciesAbstract'/>
		<link:label xlink:type='resource' xlink:label='lab_us-gaap_AccountingPoliciesAbstract' xlink:role='http://www.xbrl.org/2003/role/label' xml:lang='en-US'>Basis of Presentation</link:label>
		<link:labelArc order='1.0' xlink:type='arc' xlink:arcrole='http://www.xbrl.org/2003/arcrole/concept-label' xlink:from='us-gaap_AccountingPoliciesAbstract' xlink:to='lab_us-gaap_AccountingPoliciesAbstract'/>
		<link:loc xlink:type='locator' xlink:href='http://xbrl.sec.gov/dei/2011/dei-2011-01-31.xsd#dei_DocumentFiscalYearFocus' xlink:label='dei_DocumentFiscalYearFocus'/>
		<link:label xlink:type='resource' xlink:label='lab_dei_DocumentFiscalYearFocus' xlink:role='http://www.xbrl.org/2003/role/label' xml:lang='en-US'>Document Fiscal Year Focus</link:label>
		<link:labelArc order='1.0' xlink:type='arc' xlink:arcrole='http://www.xbrl.org/2003/arcrole/concept-label' xlink:from='dei_DocumentFiscalYearFocus' xlink:to='lab_dei_DocumentFiscalYearFocus'/>
		<link:loc xlink:type='locator' xlink:href='http://xbrl.fasb.org/us-gaap/2011/elts/us-gaap-2011-01-31.xsd#us-gaap_IssuanceOfStockAndWarrantsForServicesOrClaims' xlink:label='us-gaap_IssuanceOfStockAndWarrantsForServicesOrClaims'/>
		<link:label xlink:type='resource' xlink:label='lab_us-gaap_IssuanceOfStockAndWarrantsForServicesOrClaims' xlink:role='http://www.xbrl.org/2003/role/label' xml:lang='en-US'>Issuances of warrants for services</link:label>
		<link:labelArc order='1.0' xlink:type='arc' xlink:arcrole='http://www.xbrl.org/2003/arcrole/concept-label' xlink:from='us-gaap_IssuanceOfStockAndWarrantsForServicesOrClaims' xlink:to='lab_us-gaap_IssuanceOfStockAndWarrantsForServicesOrClaims'/>
		<link:loc xlink:type='locator' xlink:href='http://xbrl.fasb.org/us-gaap/2011/elts/us-gaap-2011-01-31.xsd#us-gaap_StatementOfCashFlowsAbstract' xlink:label='us-gaap_StatementOfCashFlowsAbstract'/>
		<link:label xlink:type='resource' xlink:label='lab_us-gaap_StatementOfCashFlowsAbstract' xlink:role='http://www.xbrl.org/2003/role/label' xml:lang='en-US'>Statements of Cash Flows</link:label>
		<link:labelArc order='1.0' xlink:type='arc' xlink:arcrole='http://www.xbrl.org/2003/arcrole/concept-label' xlink:from='us-gaap_StatementOfCashFlowsAbstract' xlink:to='lab_us-gaap_StatementOfCashFlowsAbstract'/>
		<link:loc xlink:type='locator' xlink:href='http://xbrl.fasb.org/us-gaap/2011/elts/us-gaap-2011-01-31.xsd#us-gaap_AssetsAbstract' xlink:label='us-gaap_AssetsAbstract'/>
		<link:label xlink:type='resource' xlink:label='lab_us-gaap_AssetsAbstract' xlink:role='http://www.xbrl.org/2003/role/label' xml:lang='en-US'>Assets:</link:label>
		<link:labelArc order='1.0' xlink:type='arc' xlink:arcrole='http://www.xbrl.org/2003/arcrole/concept-label' xlink:from='us-gaap_AssetsAbstract' xlink:to='lab_us-gaap_AssetsAbstract'/>
		<link:loc xlink:type='locator' xlink:href='http://xbrl.fasb.org/us-gaap/2011/elts/us-gaap-2011-01-31.xsd#us-gaap_StatementTable' xlink:label='us-gaap_StatementTable'/>
		<link:label xlink:type='resource' xlink:label='lab_us-gaap_StatementTable' xlink:role='http://www.xbrl.org/2003/role/label' xml:lang='en-US'>Statement [Table]</link:label>
		<link:labelArc order='1.0' xlink:type='arc' xlink:arcrole='http://www.xbrl.org/2003/arcrole/concept-label' xlink:from='us-gaap_StatementTable' xlink:to='lab_us-gaap_StatementTable'/>
		<link:loc xlink:type='locator' xlink:href='http://xbrl.fasb.org/us-gaap/2011/elts/us-gaap-2011-01-31.xsd#us-gaap_ProceedsFromRepaymentsOfRelatedPartyDebt' xlink:label='us-gaap_ProceedsFromRepaymentsOfRelatedPartyDebt'/>
		<link:label xlink:type='resource' xlink:label='lab_us-gaap_ProceedsFromRepaymentsOfRelatedPartyDebt' xlink:role='http://www.xbrl.org/2003/role/label' xml:lang='en-US'>Principal payments on note payable to related party</link:label>
		<link:labelArc order='1.0' xlink:type='arc' xlink:arcrole='http://www.xbrl.org/2003/arcrole/concept-label' xlink:from='us-gaap_ProceedsFromRepaymentsOfRelatedPartyDebt' xlink:to='lab_us-gaap_ProceedsFromRepaymentsOfRelatedPartyDebt'/>
		<link:loc xlink:type='locator' xlink:href='http://xbrl.fasb.org/us-gaap/2011/elts/us-gaap-2011-01-31.xsd#us-gaap_NetCashProvidedByUsedInInvestingActivitiesAbstract' xlink:label='us-gaap_NetCashProvidedByUsedInInvestingActivitiesAbstract'/>
		<link:label xlink:type='resource' xlink:label='lab_us-gaap_NetCashProvidedByUsedInInvestingActivitiesAbstract' xlink:role='http://www.xbrl.org/2003/role/label' xml:lang='en-US'>Cash Flows from Investing Activities:</link:label>
		<link:labelArc order='1.0' xlink:type='arc' xlink:arcrole='http://www.xbrl.org/2003/arcrole/concept-label' xlink:from='us-gaap_NetCashProvidedByUsedInInvestingActivitiesAbstract' xlink:to='lab_us-gaap_NetCashProvidedByUsedInInvestingActivitiesAbstract'/>
		<link:loc xlink:type='locator' xlink:href='aqsp-20110630.xsd#fil_AqspDeficitAccumulatedPriorToTheDevelopmentStage' xlink:label='fil_AqspDeficitAccumulatedPriorToTheDevelopmentStage'/>
		<link:label xlink:type='resource' xlink:label='lab_fil_AqspDeficitAccumulatedPriorToTheDevelopmentStage' xlink:role='http://www.xbrl.org/2003/role/label' xml:lang='en-US'>Deficit accumulated prior to the development stage</link:label>
		<link:labelArc order='1.0' xlink:type='arc' xlink:arcrole='http://www.xbrl.org/2003/arcrole/concept-label' xlink:from='fil_AqspDeficitAccumulatedPriorToTheDevelopmentStage' xlink:to='lab_fil_AqspDeficitAccumulatedPriorToTheDevelopmentStage'/>
		<link:loc xlink:type='locator' xlink:href='http://xbrl.fasb.org/us-gaap/2011/elts/us-gaap-2011-01-31.xsd#us-gaap_AssetsCurrent' xlink:label='us-gaap_AssetsCurrent'/>
		<link:label xlink:type='resource' xlink:label='lab_us-gaap_AssetsCurrent' xlink:role='http://www.xbrl.org/2003/role/label' xml:lang='en-US'>Total Current Assets</link:label>
		<link:label xlink:type='resource' xlink:label='lab_us-gaap_AssetsCurrent' xlink:role='http://www.xbrl.org/2003/role/totalLabel' xml:lang='en-US'>Total Current Assets</link:label>
		<link:labelArc order='1.0' xlink:type='arc' xlink:arcrole='http://www.xbrl.org/2003/arcrole/concept-label' xlink:from='us-gaap_AssetsCurrent' xlink:to='lab_us-gaap_AssetsCurrent'/>
		<link:loc xlink:type='locator' xlink:href='http://xbrl.sec.gov/dei/2011/dei-2011-01-31.xsd#dei_EntityFilerCategory' xlink:label='dei_EntityFilerCategory'/>
		<link:label xlink:type='resource' xlink:label='lab_dei_EntityFilerCategory' xlink:role='http://www.xbrl.org/2003/role/label' xml:lang='en-US'>Entity Filer Category</link:label>
		<link:labelArc order='1.0' xlink:type='arc' xlink:arcrole='http://www.xbrl.org/2003/arcrole/concept-label' xlink:from='dei_EntityFilerCategory' xlink:to='lab_dei_EntityFilerCategory'/>
		<link:loc xlink:type='locator' xlink:href='http://xbrl.fasb.org/us-gaap/2011/elts/us-gaap-2011-01-31.xsd#us-gaap_CashFlowNoncashInvestingAndFinancingActivitiesDisclosureAbstract' xlink:label='us-gaap_CashFlowNoncashInvestingAndFinancingActivitiesDisclosureAbstract'/>
		<link:label xlink:type='resource' xlink:label='lab_us-gaap_CashFlowNoncashInvestingAndFinancingActivitiesDisclosureAbstract' xlink:role='http://www.xbrl.org/2003/role/label' xml:lang='en-US'>Noncash Investing and Financing Activities</link:label>
		<link:labelArc order='1.0' xlink:type='arc' xlink:arcrole='http://www.xbrl.org/2003/arcrole/concept-label' xlink:from='us-gaap_CashFlowNoncashInvestingAndFinancingActivitiesDisclosureAbstract' xlink:to='lab_us-gaap_CashFlowNoncashInvestingAndFinancingActivitiesDisclosureAbstract'/>
		<link:loc xlink:type='locator' xlink:href='http://xbrl.fasb.org/us-gaap/2011/elts/us-gaap-2011-01-31.xsd#us-gaap_IncreaseDecreaseInAccountsPayable' xlink:label='us-gaap_IncreaseDecreaseInAccountsPayable'/>
		<link:label xlink:type='resource' xlink:label='lab_us-gaap_IncreaseDecreaseInAccountsPayable' xlink:role='http://www.xbrl.org/2003/role/label' xml:lang='en-US'>Accounts payable {1}</link:label>
		<link:label xlink:type='resource' xlink:label='lab_us-gaap_IncreaseDecreaseInAccountsPayable' xlink:role='http://www.xbrl.org/2003/role/terseLabel' xml:lang='en-US'>Accounts payable</link:label>
		<link:labelArc order='1.0' xlink:type='arc' xlink:arcrole='http://www.xbrl.org/2003/arcrole/concept-label' xlink:from='us-gaap_IncreaseDecreaseInAccountsPayable' xlink:to='lab_us-gaap_IncreaseDecreaseInAccountsPayable'/>
		<link:loc xlink:type='locator' xlink:href='http://xbrl.fasb.org/us-gaap/2011/elts/us-gaap-2011-01-31.xsd#us-gaap_ProfitLoss' xlink:label='us-gaap_ProfitLoss'/>
		<link:label xlink:type='resource' xlink:label='lab_us-gaap_ProfitLoss' xlink:role='http://www.xbrl.org/2003/role/label' xml:lang='en-US'>Net loss</link:label>
		<link:label xlink:type='resource' xlink:label='lab_us-gaap_ProfitLoss' xlink:role='http://www.xbrl.org/2003/role/totalLabel' xml:lang='en-US'>Net Loss</link:label>
		<link:labelArc order='1.0' xlink:type='arc' xlink:arcrole='http://www.xbrl.org/2003/arcrole/concept-label' xlink:from='us-gaap_ProfitLoss' xlink:to='lab_us-gaap_ProfitLoss'/>
		<link:loc xlink:type='locator' xlink:href='aqsp-20110630.xsd#fil_AqspWaiverOfTaxLiabilityPenalty' xlink:label='fil_AqspWaiverOfTaxLiabilityPenalty'/>
		<link:label xlink:type='resource' xlink:label='lab_fil_AqspWaiverOfTaxLiabilityPenalty' xlink:role='http://www.xbrl.org/2003/role/label' xml:lang='en-US'>Waiver of tax liability penalty</link:label>
		<link:label xlink:type='resource' xlink:label='lab_fil_AqspWaiverOfTaxLiabilityPenalty' xlink:role='http://www.xbrl.org/2003/role/documentation' xml:lang='en-US'>Carrying amount as of the balance sheet date of current interest earned but not received from related parties. Also called accrued interest or accrued interest receivable. For classified balance sheets, represents the current amount receivable, that is amounts expected to be collected within one year or the normal operating cycle, if longer.</link:label>
		<link:labelArc order='1.0' xlink:type='arc' xlink:arcrole='http://www.xbrl.org/2003/arcrole/concept-label' xlink:from='fil_AqspWaiverOfTaxLiabilityPenalty' xlink:to='lab_fil_AqspWaiverOfTaxLiabilityPenalty'/>
		<link:loc xlink:type='locator' xlink:href='http://xbrl.fasb.org/us-gaap/2011/elts/us-gaap-2011-01-31.xsd#us-gaap_InvestmentIncomeInterest' xlink:label='us-gaap_InvestmentIncomeInterest'/>
		<link:label xlink:type='resource' xlink:label='lab_us-gaap_InvestmentIncomeInterest' xlink:role='http://www.xbrl.org/2003/role/label' xml:lang='en-US'>Interest income</link:label>
		<link:labelArc order='1.0' xlink:type='arc' xlink:arcrole='http://www.xbrl.org/2003/arcrole/concept-label' xlink:from='us-gaap_InvestmentIncomeInterest' xlink:to='lab_us-gaap_InvestmentIncomeInterest'/>
		<link:loc xlink:type='locator' xlink:href='http://xbrl.fasb.org/us-gaap/2011/elts/us-gaap-2011-01-31.xsd#us-gaap_PreferredStockSharesAuthorized' xlink:label='us-gaap_PreferredStockSharesAuthorized'/>
		<link:label xlink:type='resource' xlink:label='lab_us-gaap_PreferredStockSharesAuthorized' xlink:role='http://www.xbrl.org/2003/role/label' xml:lang='en-US'>Preferred Stock, shares authorized</link:label>
		<link:labelArc order='1.0' xlink:type='arc' xlink:arcrole='http://www.xbrl.org/2003/arcrole/concept-label' xlink:from='us-gaap_PreferredStockSharesAuthorized' xlink:to='lab_us-gaap_PreferredStockSharesAuthorized'/>
		<link:loc xlink:type='locator' xlink:href='http://xbrl.fasb.org/us-gaap/2011/elts/us-gaap-2011-01-31.xsd#us-gaap_NotesPayableRelatedPartiesNoncurrent' xlink:label='us-gaap_NotesPayableRelatedPartiesNoncurrent'/>
		<link:label xlink:type='resource' xlink:label='lab_us-gaap_NotesPayableRelatedPartiesNoncurrent' xlink:role='http://www.xbrl.org/2003/role/label' xml:lang='en-US'>Notes payable - related parties, net of discount</link:label>
		<link:labelArc order='1.0' xlink:type='arc' xlink:arcrole='http://www.xbrl.org/2003/arcrole/concept-label' xlink:from='us-gaap_NotesPayableRelatedPartiesNoncurrent' xlink:to='lab_us-gaap_NotesPayableRelatedPartiesNoncurrent'/>
		<link:loc xlink:type='locator' xlink:href='aqsp-20110630.xsd#fil_AqspWaiverOfTaxLiabilityPenaltyTextBlock' xlink:label='fil_AqspWaiverOfTaxLiabilityPenaltyTextBlock'/>
		<link:label xlink:type='resource' xlink:label='lab_fil_AqspWaiverOfTaxLiabilityPenaltyTextBlock' xlink:role='http://www.xbrl.org/2003/role/label' xml:lang='en-US'>Waiver of Tax Liability Penalty {1}</link:label>
		<link:label xlink:type='resource' xlink:label='lab_fil_AqspWaiverOfTaxLiabilityPenaltyTextBlock' xlink:role='http://www.xbrl.org/2003/role/terseLabel' xml:lang='en-US'>Waiver of Tax Liability Penalty</link:label>
		<link:labelArc order='1.0' xlink:type='arc' xlink:arcrole='http://www.xbrl.org/2003/arcrole/concept-label' xlink:from='fil_AqspWaiverOfTaxLiabilityPenaltyTextBlock' xlink:to='lab_fil_AqspWaiverOfTaxLiabilityPenaltyTextBlock'/>
		<link:loc xlink:type='locator' xlink:href='http://xbrl.fasb.org/us-gaap/2011/elts/us-gaap-2011-01-31.xsd#us-gaap_EarningsPerShareBasicAndDiluted' xlink:label='us-gaap_EarningsPerShareBasicAndDiluted'/>
		<link:label xlink:type='resource' xlink:label='lab_us-gaap_EarningsPerShareBasicAndDiluted' xlink:role='http://www.xbrl.org/2003/role/label' xml:lang='en-US'>Basic and diluted loss per share</link:label>
		<link:label xlink:type='resource' xlink:label='lab_us-gaap_EarningsPerShareBasicAndDiluted' xlink:role='http://www.xbrl.org/2003/role/totalLabel' xml:lang='en-US'>Basic and diluted loss per share</link:label>
		<link:labelArc order='1.0' xlink:type='arc' xlink:arcrole='http://www.xbrl.org/2003/arcrole/concept-label' xlink:from='us-gaap_EarningsPerShareBasicAndDiluted' xlink:to='lab_us-gaap_EarningsPerShareBasicAndDiluted'/>
		<link:loc xlink:type='locator' xlink:href='http://xbrl.sec.gov/dei/2011/dei-2011-01-31.xsd#dei_DocumentFiscalPeriodFocus' xlink:label='dei_DocumentFiscalPeriodFocus'/>
		<link:label xlink:type='resource' xlink:label='lab_dei_DocumentFiscalPeriodFocus' xlink:role='http://www.xbrl.org/2003/role/label' xml:lang='en-US'>Document Fiscal Period Focus</link:label>
		<link:labelArc order='1.0' xlink:type='arc' xlink:arcrole='http://www.xbrl.org/2003/arcrole/concept-label' xlink:from='dei_DocumentFiscalPeriodFocus' xlink:to='lab_dei_DocumentFiscalPeriodFocus'/>
		<link:loc xlink:type='locator' xlink:href='http://xbrl.sec.gov/dei/2011/dei-2011-01-31.xsd#dei_EntityCommonStockSharesOutstanding' xlink:label='dei_EntityCommonStockSharesOutstanding'/>
		<link:label xlink:type='resource' xlink:label='lab_dei_EntityCommonStockSharesOutstanding' xlink:role='http://www.xbrl.org/2003/role/label' xml:lang='en-US'>Entity Common Stock, Shares Outstanding</link:label>
		<link:labelArc order='1.0' xlink:type='arc' xlink:arcrole='http://www.xbrl.org/2003/arcrole/concept-label' xlink:from='dei_EntityCommonStockSharesOutstanding' xlink:to='lab_dei_EntityCommonStockSharesOutstanding'/>
		<link:loc xlink:type='locator' xlink:href='aqsp-20110630.xsd#fil_AqspStockOptions' xlink:label='fil_AqspStockOptions'/>
		<link:label xlink:type='resource' xlink:label='lab_fil_AqspStockOptions' xlink:role='http://www.xbrl.org/2003/role/label' xml:lang='en-US'>Stock Options {1}</link:label>
		<link:label xlink:type='resource' xlink:label='lab_fil_AqspStockOptions' xlink:role='http://www.xbrl.org/2003/role/terseLabel' xml:lang='en-US'>Stock Options</link:label>
		<link:labelArc order='1.0' xlink:type='arc' xlink:arcrole='http://www.xbrl.org/2003/arcrole/concept-label' xlink:from='fil_AqspStockOptions' xlink:to='lab_fil_AqspStockOptions'/>
		<link:loc xlink:type='locator' xlink:href='http://xbrl.fasb.org/us-gaap/2011/elts/us-gaap-2011-01-31.xsd#us-gaap_ProceedsFromIssuanceOfCommonStock' xlink:label='us-gaap_ProceedsFromIssuanceOfCommonStock'/>
		<link:label xlink:type='resource' xlink:label='lab_us-gaap_ProceedsFromIssuanceOfCommonStock' xlink:role='http://www.xbrl.org/2003/role/label' xml:lang='en-US'>Proceeds from issuance of common stock</link:label>
		<link:labelArc order='1.0' xlink:type='arc' xlink:arcrole='http://www.xbrl.org/2003/arcrole/concept-label' xlink:from='us-gaap_ProceedsFromIssuanceOfCommonStock' xlink:to='lab_us-gaap_ProceedsFromIssuanceOfCommonStock'/>
		<link:loc xlink:type='locator' xlink:href='http://xbrl.fasb.org/us-gaap/2011/elts/us-gaap-2011-01-31.xsd#us-gaap_NonoperatingIncomeExpense' xlink:label='us-gaap_NonoperatingIncomeExpense'/>
		<link:label xlink:type='resource' xlink:label='lab_us-gaap_NonoperatingIncomeExpense' xlink:role='http://www.xbrl.org/2003/role/label' xml:lang='en-US'>Total Other Income (Expense)</link:label>
		<link:label xlink:type='resource' xlink:label='lab_us-gaap_NonoperatingIncomeExpense' xlink:role='http://www.xbrl.org/2003/role/totalLabel' xml:lang='en-US'>Total Other Income (Expense)</link:label>
		<link:labelArc order='1.0' xlink:type='arc' xlink:arcrole='http://www.xbrl.org/2003/arcrole/concept-label' xlink:from='us-gaap_NonoperatingIncomeExpense' xlink:to='lab_us-gaap_NonoperatingIncomeExpense'/>
		<link:loc xlink:type='locator' xlink:href='http://xbrl.fasb.org/us-gaap/2011/elts/us-gaap-2011-01-31.xsd#us-gaap_NotesReceivableRelatedPartiesCurrent' xlink:label='us-gaap_NotesReceivableRelatedPartiesCurrent'/>
		<link:label xlink:type='resource' xlink:label='lab_us-gaap_NotesReceivableRelatedPartiesCurrent' xlink:role='http://www.xbrl.org/2003/role/label' xml:lang='en-US'>Notes receivable - related party</link:label>
		<link:labelArc order='1.0' xlink:type='arc' xlink:arcrole='http://www.xbrl.org/2003/arcrole/concept-label' xlink:from='us-gaap_NotesReceivableRelatedPartiesCurrent' xlink:to='lab_us-gaap_NotesReceivableRelatedPartiesCurrent'/>
		<link:loc xlink:type='locator' xlink:href='http://xbrl.fasb.org/us-gaap/2011/elts/us-gaap-2011-01-31.xsd#us-gaap_StatementLineItems' xlink:label='us-gaap_StatementLineItems'/>
		<link:label xlink:type='resource' xlink:label='lab_us-gaap_StatementLineItems' xlink:role='http://www.xbrl.org/2003/role/label' xml:lang='en-US'>Statement [Line Items]</link:label>
		<link:labelArc order='1.0' xlink:type='arc' xlink:arcrole='http://www.xbrl.org/2003/arcrole/concept-label' xlink:from='us-gaap_StatementLineItems' xlink:to='lab_us-gaap_StatementLineItems'/>
		<link:loc xlink:type='locator' xlink:href='http://xbrl.sec.gov/dei/2011/dei-2011-01-31.xsd#dei_EntityWellKnownSeasonedIssuer' xlink:label='dei_EntityWellKnownSeasonedIssuer'/>
		<link:label xlink:type='resource' xlink:label='lab_dei_EntityWellKnownSeasonedIssuer' xlink:role='http://www.xbrl.org/2003/role/label' xml:lang='en-US'>Entity Well-known Seasoned Issuer</link:label>
		<link:labelArc order='1.0' xlink:type='arc' xlink:arcrole='http://www.xbrl.org/2003/arcrole/concept-label' xlink:from='dei_EntityWellKnownSeasonedIssuer' xlink:to='lab_dei_EntityWellKnownSeasonedIssuer'/>
		<link:loc xlink:type='locator' xlink:href='http://xbrl.fasb.org/us-gaap/2011/elts/us-gaap-2011-01-31.xsd#us-gaap_NetCashProvidedByUsedInFinancingActivities' xlink:label='us-gaap_NetCashProvidedByUsedInFinancingActivities'/>
		<link:label xlink:type='resource' xlink:label='lab_us-gaap_NetCashProvidedByUsedInFinancingActivities' xlink:role='http://www.xbrl.org/2003/role/label' xml:lang='en-US'>Net Cash Provided by Financing Activities:</link:label>
		<link:label xlink:type='resource' xlink:label='lab_us-gaap_NetCashProvidedByUsedInFinancingActivities' xlink:role='http://www.xbrl.org/2003/role/totalLabel' xml:lang='en-US'>Net Cash Provided by Financing Activities:</link:label>
		<link:labelArc order='1.0' xlink:type='arc' xlink:arcrole='http://www.xbrl.org/2003/arcrole/concept-label' xlink:from='us-gaap_NetCashProvidedByUsedInFinancingActivities' xlink:to='lab_us-gaap_NetCashProvidedByUsedInFinancingActivities'/>
		<link:loc xlink:type='locator' xlink:href='http://xbrl.fasb.org/us-gaap/2011/elts/us-gaap-2011-01-31.xsd#us-gaap_ProceedsFromRelatedPartyDebt' xlink:label='us-gaap_ProceedsFromRelatedPartyDebt'/>
		<link:label xlink:type='resource' xlink:label='lab_us-gaap_ProceedsFromRelatedPartyDebt' xlink:role='http://www.xbrl.org/2003/role/label' xml:lang='en-US'>Proceeds from issuance of notes payable to related party</link:label>
		<link:labelArc order='1.0' xlink:type='arc' xlink:arcrole='http://www.xbrl.org/2003/arcrole/concept-label' xlink:from='us-gaap_ProceedsFromRelatedPartyDebt' xlink:to='lab_us-gaap_ProceedsFromRelatedPartyDebt'/>
		<link:loc xlink:type='locator' xlink:href='aqsp-20110630.xsd#fil_AqspPayrollTaxPenaltiesAndAccruedInterest' xlink:label='fil_AqspPayrollTaxPenaltiesAndAccruedInterest'/>
		<link:label xlink:type='resource' xlink:label='lab_fil_AqspPayrollTaxPenaltiesAndAccruedInterest' xlink:role='http://www.xbrl.org/2003/role/label' xml:lang='en-US'>Payroll tax penalties and accrued interest</link:label>
		<link:labelArc order='1.0' xlink:type='arc' xlink:arcrole='http://www.xbrl.org/2003/arcrole/concept-label' xlink:from='fil_AqspPayrollTaxPenaltiesAndAccruedInterest' xlink:to='lab_fil_AqspPayrollTaxPenaltiesAndAccruedInterest'/>
		<link:loc xlink:type='locator' xlink:href='http://xbrl.fasb.org/us-gaap/2011/elts/us-gaap-2011-01-31.xsd#us-gaap_InterestExpense' xlink:label='us-gaap_InterestExpense'/>
		<link:label xlink:type='resource' xlink:label='lab_us-gaap_InterestExpense' xlink:role='http://www.xbrl.org/2003/role/label' xml:lang='en-US'>Interest expense</link:label>
		<link:labelArc order='1.0' xlink:type='arc' xlink:arcrole='http://www.xbrl.org/2003/arcrole/concept-label' xlink:from='us-gaap_InterestExpense' xlink:to='lab_us-gaap_InterestExpense'/>
		<link:loc xlink:type='locator' xlink:href='http://xbrl.fasb.org/us-gaap/2011/elts/us-gaap-2011-01-31.xsd#us-gaap_StatementOfIncomeAndComprehensiveIncomeAbstract' xlink:label='us-gaap_StatementOfIncomeAndComprehensiveIncomeAbstract'/>
		<link:label xlink:type='resource' xlink:label='lab_us-gaap_StatementOfIncomeAndComprehensiveIncomeAbstract' xlink:role='http://www.xbrl.org/2003/role/label' xml:lang='en-US'>Statements of Operations</link:label>
		<link:labelArc order='1.0' xlink:type='arc' xlink:arcrole='http://www.xbrl.org/2003/arcrole/concept-label' xlink:from='us-gaap_StatementOfIncomeAndComprehensiveIncomeAbstract' xlink:to='lab_us-gaap_StatementOfIncomeAndComprehensiveIncomeAbstract'/>
		<link:loc xlink:type='locator' xlink:href='http://xbrl.fasb.org/us-gaap/2011/elts/us-gaap-2011-01-31.xsd#us-gaap_CommonStockSharesAuthorized' xlink:label='us-gaap_CommonStockSharesAuthorized'/>
		<link:label xlink:type='resource' xlink:label='lab_us-gaap_CommonStockSharesAuthorized' xlink:role='http://www.xbrl.org/2003/role/label' xml:lang='en-US'>Common Stock, shares authorized</link:label>
		<link:labelArc order='1.0' xlink:type='arc' xlink:arcrole='http://www.xbrl.org/2003/arcrole/concept-label' xlink:from='us-gaap_CommonStockSharesAuthorized' xlink:to='lab_us-gaap_CommonStockSharesAuthorized'/>
		<link:loc xlink:type='locator' xlink:href='http://xbrl.fasb.org/us-gaap/2011/elts/us-gaap-2011-01-31.xsd#us-gaap_CashAndCashEquivalentsAtCarryingValue' xlink:label='us-gaap_CashAndCashEquivalentsAtCarryingValue'/>
		<link:label xlink:type='resource' xlink:label='lab_us-gaap_CashAndCashEquivalentsAtCarryingValue' xlink:role='http://www.xbrl.org/2003/role/label' xml:lang='en-US'>Cash {1}</link:label>
		<link:label xlink:type='resource' xlink:label='lab_us-gaap_CashAndCashEquivalentsAtCarryingValue' xlink:role='http://www.xbrl.org/2003/role/terseLabel' xml:lang='en-US'>Cash</link:label>
		<link:label xlink:type='resource' xlink:label='lab_us-gaap_CashAndCashEquivalentsAtCarryingValue' xlink:role='http://www.xbrl.org/2003/role/periodStartLabel' xml:lang='en-US'>Cash at Beginning of Period</link:label>
		<link:label xlink:type='resource' xlink:label='lab_us-gaap_CashAndCashEquivalentsAtCarryingValue' xlink:role='http://www.xbrl.org/2003/role/periodEndLabel' xml:lang='en-US'>Cash at End of Period</link:label>
		<link:labelArc order='1.0' xlink:type='arc' xlink:arcrole='http://www.xbrl.org/2003/arcrole/concept-label' xlink:from='us-gaap_CashAndCashEquivalentsAtCarryingValue' xlink:to='lab_us-gaap_CashAndCashEquivalentsAtCarryingValue'/>
		<link:loc xlink:type='locator' xlink:href='http://xbrl.fasb.org/us-gaap/2011/elts/us-gaap-2011-01-31.xsd#us-gaap_NetCashProvidedByUsedInOperatingActivities' xlink:label='us-gaap_NetCashProvidedByUsedInOperatingActivities'/>
		<link:label xlink:type='resource' xlink:label='lab_us-gaap_NetCashProvidedByUsedInOperatingActivities' xlink:role='http://www.xbrl.org/2003/role/label' xml:lang='en-US'>Net Cash Used in Operating Activities</link:label>
		<link:label xlink:type='resource' xlink:label='lab_us-gaap_NetCashProvidedByUsedInOperatingActivities' xlink:role='http://www.xbrl.org/2003/role/totalLabel' xml:lang='en-US'>Net Cash Used in Operating Activities</link:label>
		<link:labelArc order='1.0' xlink:type='arc' xlink:arcrole='http://www.xbrl.org/2003/arcrole/concept-label' xlink:from='us-gaap_NetCashProvidedByUsedInOperatingActivities' xlink:to='lab_us-gaap_NetCashProvidedByUsedInOperatingActivities'/>
		<link:loc xlink:type='locator' xlink:href='http://xbrl.fasb.org/us-gaap/2011/elts/us-gaap-2011-01-31.xsd#us-gaap_ShareBasedCompensation' xlink:label='us-gaap_ShareBasedCompensation'/>
		<link:label xlink:type='resource' xlink:label='lab_us-gaap_ShareBasedCompensation' xlink:role='http://www.xbrl.org/2003/role/label' xml:lang='en-US'>Share-based compensation</link:label>
		<link:labelArc order='1.0' xlink:type='arc' xlink:arcrole='http://www.xbrl.org/2003/arcrole/concept-label' xlink:from='us-gaap_ShareBasedCompensation' xlink:to='lab_us-gaap_ShareBasedCompensation'/>
		<link:loc xlink:type='locator' xlink:href='http://xbrl.fasb.org/us-gaap/2011/elts/us-gaap-2011-01-31.xsd#us-gaap_LiabilitiesAndStockholdersEquity' xlink:label='us-gaap_LiabilitiesAndStockholdersEquity'/>
		<link:label xlink:type='resource' xlink:label='lab_us-gaap_LiabilitiesAndStockholdersEquity' xlink:role='http://www.xbrl.org/2003/role/label' xml:lang='en-US'>Total Liabilities and Stockholders&apos; Equity (Deficit)</link:label>
		<link:label xlink:type='resource' xlink:label='lab_us-gaap_LiabilitiesAndStockholdersEquity' xlink:role='http://www.xbrl.org/2003/role/totalLabel' xml:lang='en-US'>Total Liabilities and Stockholders&apos; Equity (Deficit)</link:label>
		<link:labelArc order='1.0' xlink:type='arc' xlink:arcrole='http://www.xbrl.org/2003/arcrole/concept-label' xlink:from='us-gaap_LiabilitiesAndStockholdersEquity' xlink:to='lab_us-gaap_LiabilitiesAndStockholdersEquity'/>
		<link:loc xlink:type='locator' xlink:href='http://xbrl.fasb.org/us-gaap/2011/elts/us-gaap-2011-01-31.xsd#us-gaap_DevelopmentStageEnterpriseDeficitAccumulatedDuringDevelopmentStage' xlink:label='us-gaap_DevelopmentStageEnterpriseDeficitAccumulatedDuringDevelopmentStage'/>
		<link:label xlink:type='resource' xlink:label='lab_us-gaap_DevelopmentStageEnterpriseDeficitAccumulatedDuringDevelopmentStage' xlink:role='http://www.xbrl.org/2003/role/label' xml:lang='en-US'>Deficit accumulated during the development stage</link:label>
		<link:labelArc order='1.0' xlink:type='arc' xlink:arcrole='http://www.xbrl.org/2003/arcrole/concept-label' xlink:from='us-gaap_DevelopmentStageEnterpriseDeficitAccumulatedDuringDevelopmentStage' xlink:to='lab_us-gaap_DevelopmentStageEnterpriseDeficitAccumulatedDuringDevelopmentStage'/>
		<link:loc xlink:type='locator' xlink:href='http://xbrl.fasb.org/us-gaap/2011/elts/us-gaap-2011-01-31.xsd#us-gaap_CommonStockValue' xlink:label='us-gaap_CommonStockValue'/>
		<link:label xlink:type='resource' xlink:label='lab_us-gaap_CommonStockValue' xlink:role='http://www.xbrl.org/2003/role/label' xml:lang='en-US'>Common stock, $0.001 par value, 50,000,000 shares authorized, 5,832,482 shares issued and outstanding</link:label>
		<link:labelArc order='1.0' xlink:type='arc' xlink:arcrole='http://www.xbrl.org/2003/arcrole/concept-label' xlink:from='us-gaap_CommonStockValue' xlink:to='lab_us-gaap_CommonStockValue'/>
		<link:loc xlink:type='locator' xlink:href='http://xbrl.fasb.org/us-gaap/2011/elts/us-gaap-2011-01-31.xsd#us-gaap_AssetsCurrentAbstract' xlink:label='us-gaap_AssetsCurrentAbstract'/>
		<link:label xlink:type='resource' xlink:label='lab_us-gaap_AssetsCurrentAbstract' xlink:role='http://www.xbrl.org/2003/role/label' xml:lang='en-US'>Current Assets:</link:label>
		<link:labelArc order='1.0' xlink:type='arc' xlink:arcrole='http://www.xbrl.org/2003/arcrole/concept-label' xlink:from='us-gaap_AssetsCurrentAbstract' xlink:to='lab_us-gaap_AssetsCurrentAbstract'/>
		<link:loc xlink:type='locator' xlink:href='http://xbrl.sec.gov/dei/2011/dei-2011-01-31.xsd#dei_DocumentType' xlink:label='dei_DocumentType'/>
		<link:label xlink:type='resource' xlink:label='lab_dei_DocumentType' xlink:role='http://www.xbrl.org/2003/role/label' xml:lang='en-US'>Document Type</link:label>
		<link:labelArc order='1.0' xlink:type='arc' xlink:arcrole='http://www.xbrl.org/2003/arcrole/concept-label' xlink:from='dei_DocumentType' xlink:to='lab_dei_DocumentType'/>
		<link:loc xlink:type='locator' xlink:href='aqsp-20110630.xsd#fil_AqspLongTermLiabilities' xlink:label='fil_AqspLongTermLiabilities'/>
		<link:label xlink:type='resource' xlink:label='lab_fil_AqspLongTermLiabilities' xlink:role='http://www.xbrl.org/2003/role/label' xml:lang='en-US'>Long Term Liabilities {1}</link:label>
		<link:label xlink:type='resource' xlink:label='lab_fil_AqspLongTermLiabilities' xlink:role='http://www.xbrl.org/2003/role/terseLabel' xml:lang='en-US'>Long Term Liabilities</link:label>
		<link:labelArc order='1.0' xlink:type='arc' xlink:arcrole='http://www.xbrl.org/2003/arcrole/concept-label' xlink:from='fil_AqspLongTermLiabilities' xlink:to='lab_fil_AqspLongTermLiabilities'/>
		<link:loc xlink:type='locator' xlink:href='http://xbrl.fasb.org/us-gaap/2011/elts/us-gaap-2011-01-31.xsd#us-gaap_SupplementalCashFlowInformationAbstract' xlink:label='us-gaap_SupplementalCashFlowInformationAbstract'/>
		<link:label xlink:type='resource' xlink:label='lab_us-gaap_SupplementalCashFlowInformationAbstract' xlink:role='http://www.xbrl.org/2003/role/label' xml:lang='en-US'>Supplemental Cash Flow Information</link:label>
		<link:labelArc order='1.0' xlink:type='arc' xlink:arcrole='http://www.xbrl.org/2003/arcrole/concept-label' xlink:from='us-gaap_SupplementalCashFlowInformationAbstract' xlink:to='lab_us-gaap_SupplementalCashFlowInformationAbstract'/>
		<link:loc xlink:type='locator' xlink:href='http://xbrl.fasb.org/us-gaap/2011/elts/us-gaap-2011-01-31.xsd#us-gaap_CashAndCashEquivalentsPeriodIncreaseDecrease' xlink:label='us-gaap_CashAndCashEquivalentsPeriodIncreaseDecrease'/>
		<link:label xlink:type='resource' xlink:label='lab_us-gaap_CashAndCashEquivalentsPeriodIncreaseDecrease' xlink:role='http://www.xbrl.org/2003/role/label' xml:lang='en-US'>Net Increase (Decrease) in Cash</link:label>
		<link:label xlink:type='resource' xlink:label='lab_us-gaap_CashAndCashEquivalentsPeriodIncreaseDecrease' xlink:role='http://www.xbrl.org/2003/role/totalLabel' xml:lang='en-US'>Net Increase (Decrease) in Cash</link:label>
		<link:labelArc order='1.0' xlink:type='arc' xlink:arcrole='http://www.xbrl.org/2003/arcrole/concept-label' xlink:from='us-gaap_CashAndCashEquivalentsPeriodIncreaseDecrease' xlink:to='lab_us-gaap_CashAndCashEquivalentsPeriodIncreaseDecrease'/>
		<link:loc xlink:type='locator' xlink:href='http://xbrl.fasb.org/us-gaap/2011/elts/us-gaap-2011-01-31.xsd#us-gaap_OriginationOfNotesReceivableFromRelatedParties' xlink:label='us-gaap_OriginationOfNotesReceivableFromRelatedParties'/>
		<link:label xlink:type='resource' xlink:label='lab_us-gaap_OriginationOfNotesReceivableFromRelatedParties' xlink:role='http://www.xbrl.org/2003/role/label' xml:lang='en-US'>Loans to related party - long term</link:label>
		<link:labelArc order='1.0' xlink:type='arc' xlink:arcrole='http://www.xbrl.org/2003/arcrole/concept-label' xlink:from='us-gaap_OriginationOfNotesReceivableFromRelatedParties' xlink:to='lab_us-gaap_OriginationOfNotesReceivableFromRelatedParties'/>
		<link:loc xlink:type='locator' xlink:href='aqsp-20110630.xsd#fil_AqspOriginationOfNotesReceivableFromRelatedPartiesCurrent' xlink:label='fil_AqspOriginationOfNotesReceivableFromRelatedPartiesCurrent'/>
		<link:label xlink:type='resource' xlink:label='lab_fil_AqspOriginationOfNotesReceivableFromRelatedPartiesCurrent' xlink:role='http://www.xbrl.org/2003/role/label' xml:lang='en-US'>Loans to related party - current</link:label>
		<link:label xlink:type='resource' xlink:label='lab_fil_AqspOriginationOfNotesReceivableFromRelatedPartiesCurrent' xlink:role='http://www.xbrl.org/2003/role/documentation' xml:lang='en-US'>Payroll tax penalties and accrued interest</link:label>
		<link:labelArc order='1.0' xlink:type='arc' xlink:arcrole='http://www.xbrl.org/2003/arcrole/concept-label' xlink:from='fil_AqspOriginationOfNotesReceivableFromRelatedPartiesCurrent' xlink:to='lab_fil_AqspOriginationOfNotesReceivableFromRelatedPartiesCurrent'/>
		<link:loc xlink:type='locator' xlink:href='http://xbrl.fasb.org/us-gaap/2011/elts/us-gaap-2011-01-31.xsd#us-gaap_OperatingExpensesAbstract' xlink:label='us-gaap_OperatingExpensesAbstract'/>
		<link:label xlink:type='resource' xlink:label='lab_us-gaap_OperatingExpensesAbstract' xlink:role='http://www.xbrl.org/2003/role/label' xml:lang='en-US'>Operating Expense:</link:label>
		<link:labelArc order='1.0' xlink:type='arc' xlink:arcrole='http://www.xbrl.org/2003/arcrole/concept-label' xlink:from='us-gaap_OperatingExpensesAbstract' xlink:to='lab_us-gaap_OperatingExpensesAbstract'/>
		<link:loc xlink:type='locator' xlink:href='http://xbrl.fasb.org/us-gaap/2011/elts/us-gaap-2011-01-31.xsd#us-gaap_PreferredStockSharesIssued' xlink:label='us-gaap_PreferredStockSharesIssued'/>
		<link:label xlink:type='resource' xlink:label='lab_us-gaap_PreferredStockSharesIssued' xlink:role='http://www.xbrl.org/2003/role/label' xml:lang='en-US'>Preferred Stock, shares issued</link:label>
		<link:labelArc order='1.0' xlink:type='arc' xlink:arcrole='http://www.xbrl.org/2003/arcrole/concept-label' xlink:from='us-gaap_PreferredStockSharesIssued' xlink:to='lab_us-gaap_PreferredStockSharesIssued'/>
		<link:loc xlink:type='locator' xlink:href='http://xbrl.fasb.org/us-gaap/2011/elts/us-gaap-2011-01-31.xsd#us-gaap_CommonStockParOrStatedValuePerShare' xlink:label='us-gaap_CommonStockParOrStatedValuePerShare'/>
		<link:label xlink:type='resource' xlink:label='lab_us-gaap_CommonStockParOrStatedValuePerShare' xlink:role='http://www.xbrl.org/2003/role/label' xml:lang='en-US'>Common Stock, par or stated value</link:label>
		<link:labelArc order='1.0' xlink:type='arc' xlink:arcrole='http://www.xbrl.org/2003/arcrole/concept-label' xlink:from='us-gaap_CommonStockParOrStatedValuePerShare' xlink:to='lab_us-gaap_CommonStockParOrStatedValuePerShare'/>
		<link:loc xlink:type='locator' xlink:href='http://xbrl.fasb.org/us-gaap/2011/elts/us-gaap-2011-01-31.xsd#us-gaap_StockholdersEquityAbstract' xlink:label='us-gaap_StockholdersEquityAbstract'/>
		<link:label xlink:type='resource' xlink:label='lab_us-gaap_StockholdersEquityAbstract' xlink:role='http://www.xbrl.org/2003/role/label' xml:lang='en-US'>Stockholders&apos; Equity (Deficit):</link:label>
		<link:labelArc order='1.0' xlink:type='arc' xlink:arcrole='http://www.xbrl.org/2003/arcrole/concept-label' xlink:from='us-gaap_StockholdersEquityAbstract' xlink:to='lab_us-gaap_StockholdersEquityAbstract'/>
		<link:loc xlink:type='locator' xlink:href='aqsp-20110630.xsd#fil_LongTermLiabilitiesAbstract' xlink:label='fil_LongTermLiabilitiesAbstract'/>
		<link:label xlink:type='resource' xlink:label='lab_fil_LongTermLiabilitiesAbstract' xlink:role='http://www.xbrl.org/2003/role/label' xml:lang='en-US'>Long Term Liabilities</link:label>
		<link:labelArc order='1.0' xlink:type='arc' xlink:arcrole='http://www.xbrl.org/2003/arcrole/concept-label' xlink:from='fil_LongTermLiabilitiesAbstract' xlink:to='lab_fil_LongTermLiabilitiesAbstract'/>
		<link:loc xlink:type='locator' xlink:href='aqsp-20110630.xsd#fil_StockOptionsAbstract' xlink:label='fil_StockOptionsAbstract'/>
		<link:label xlink:type='resource' xlink:label='lab_fil_StockOptionsAbstract' xlink:role='http://www.xbrl.org/2003/role/label' xml:lang='en-US'>Stock Options</link:label>
		<link:labelArc order='1.0' xlink:type='arc' xlink:arcrole='http://www.xbrl.org/2003/arcrole/concept-label' xlink:from='fil_StockOptionsAbstract' xlink:to='lab_fil_StockOptionsAbstract'/>
		<link:loc xlink:type='locator' xlink:href='http://xbrl.fasb.org/us-gaap/2011/elts/us-gaap-2011-01-31.xsd#us-gaap_AmortizationOfDebtDiscountPremium' xlink:label='us-gaap_AmortizationOfDebtDiscountPremium'/>
		<link:label xlink:type='resource' xlink:label='lab_us-gaap_AmortizationOfDebtDiscountPremium' xlink:role='http://www.xbrl.org/2003/role/label' xml:lang='en-US'>Amortization of discount on long-term notes payable</link:label>
		<link:labelArc order='1.0' xlink:type='arc' xlink:arcrole='http://www.xbrl.org/2003/arcrole/concept-label' xlink:from='us-gaap_AmortizationOfDebtDiscountPremium' xlink:to='lab_us-gaap_AmortizationOfDebtDiscountPremium'/>
		<link:loc xlink:type='locator' xlink:href='http://xbrl.fasb.org/us-gaap/2011/elts/us-gaap-2011-01-31.xsd#us-gaap_AdjustmentsToReconcileNetIncomeLossToCashProvidedByUsedInOperatingActivitiesAbstract' xlink:label='us-gaap_AdjustmentsToReconcileNetIncomeLossToCashProvidedByUsedInOperatingActivitiesAbstract'/>
		<link:label xlink:type='resource' xlink:label='lab_us-gaap_AdjustmentsToReconcileNetIncomeLossToCashProvidedByUsedInOperatingActivitiesAbstract' xlink:role='http://www.xbrl.org/2003/role/label' xml:lang='en-US'>Adjustments to reconcile net loss to net cash used in operating activities:</link:label>
		<link:labelArc order='1.0' xlink:type='arc' xlink:arcrole='http://www.xbrl.org/2003/arcrole/concept-label' xlink:from='us-gaap_AdjustmentsToReconcileNetIncomeLossToCashProvidedByUsedInOperatingActivitiesAbstract' xlink:to='lab_us-gaap_AdjustmentsToReconcileNetIncomeLossToCashProvidedByUsedInOperatingActivitiesAbstract'/>
		<link:loc xlink:type='locator' xlink:href='http://xbrl.fasb.org/us-gaap/2011/elts/us-gaap-2011-01-31.xsd#us-gaap_GeneralAndAdministrativeExpense' xlink:label='us-gaap_GeneralAndAdministrativeExpense'/>
		<link:label xlink:type='resource' xlink:label='lab_us-gaap_GeneralAndAdministrativeExpense' xlink:role='http://www.xbrl.org/2003/role/label' xml:lang='en-US'>General and administrative</link:label>
		<link:labelArc order='1.0' xlink:type='arc' xlink:arcrole='http://www.xbrl.org/2003/arcrole/concept-label' xlink:from='us-gaap_GeneralAndAdministrativeExpense' xlink:to='lab_us-gaap_GeneralAndAdministrativeExpense'/>
		<link:loc xlink:type='locator' xlink:href='aqsp-20110630.xsd#fil_LetterOfIntentTextBlock' xlink:label='fil_LetterOfIntentTextBlock'/>
		<link:label xlink:type='resource' xlink:label='lab_fil_LetterOfIntentTextBlock' xlink:role='http://www.xbrl.org/2003/role/label' xml:lang='en-US'>Letter of Intent {1}</link:label>
		<link:label xlink:type='resource' xlink:label='lab_fil_LetterOfIntentTextBlock' xlink:role='http://www.xbrl.org/2003/role/terseLabel' xml:lang='en-US'>Letter of Intent</link:label>
		<link:labelArc order='1.0' xlink:type='arc' xlink:arcrole='http://www.xbrl.org/2003/arcrole/concept-label' xlink:from='fil_LetterOfIntentTextBlock' xlink:to='lab_fil_LetterOfIntentTextBlock'/>
		<link:loc xlink:type='locator' xlink:href='aqsp-20110630.xsd#fil_AqspNotePayableAndWarrantsIssuedToRelatedPartyInExchangeForANoteReceivableFromARelatedParty' xlink:label='fil_AqspNotePayableAndWarrantsIssuedToRelatedPartyInExchangeForANoteReceivableFromARelatedParty'/>
		<link:label xlink:type='resource' xlink:label='lab_fil_AqspNotePayableAndWarrantsIssuedToRelatedPartyInExchangeForANoteReceivableFromARelatedParty' xlink:role='http://www.xbrl.org/2003/role/label' xml:lang='en-US'>Note payable and warrants issued to related party in exchange for a note receivable from a related party</link:label>
		<link:label xlink:type='resource' xlink:label='lab_fil_AqspNotePayableAndWarrantsIssuedToRelatedPartyInExchangeForANoteReceivableFromARelatedParty' xlink:role='http://www.xbrl.org/2003/role/documentation' xml:lang='en-US'>Proceeds from issuance of notes payable and warrants.</link:label>
		<link:labelArc order='1.0' xlink:type='arc' xlink:arcrole='http://www.xbrl.org/2003/arcrole/concept-label' xlink:from='fil_AqspNotePayableAndWarrantsIssuedToRelatedPartyInExchangeForANoteReceivableFromARelatedParty' xlink:to='lab_fil_AqspNotePayableAndWarrantsIssuedToRelatedPartyInExchangeForANoteReceivableFromARelatedParty'/>
		<link:loc xlink:type='locator' xlink:href='http://xbrl.fasb.org/us-gaap/2011/elts/us-gaap-2011-01-31.xsd#us-gaap_InterestPaid' xlink:label='us-gaap_InterestPaid'/>
		<link:label xlink:type='resource' xlink:label='lab_us-gaap_InterestPaid' xlink:role='http://www.xbrl.org/2003/role/label' xml:lang='en-US'>Cash paid for interest</link:label>
		<link:labelArc order='1.0' xlink:type='arc' xlink:arcrole='http://www.xbrl.org/2003/arcrole/concept-label' xlink:from='us-gaap_InterestPaid' xlink:to='lab_us-gaap_InterestPaid'/>
		<link:loc xlink:type='locator' xlink:href='http://xbrl.fasb.org/us-gaap/2011/elts/us-gaap-2011-01-31.xsd#us-gaap_NetCashProvidedByUsedInFinancingActivitiesAbstract' xlink:label='us-gaap_NetCashProvidedByUsedInFinancingActivitiesAbstract'/>
		<link:label xlink:type='resource' xlink:label='lab_us-gaap_NetCashProvidedByUsedInFinancingActivitiesAbstract' xlink:role='http://www.xbrl.org/2003/role/label' xml:lang='en-US'>Cash Flows from Financing Activities:</link:label>
		<link:labelArc order='1.0' xlink:type='arc' xlink:arcrole='http://www.xbrl.org/2003/arcrole/concept-label' xlink:from='us-gaap_NetCashProvidedByUsedInFinancingActivitiesAbstract' xlink:to='lab_us-gaap_NetCashProvidedByUsedInFinancingActivitiesAbstract'/>
		<link:loc xlink:type='locator' xlink:href='http://xbrl.fasb.org/us-gaap/2011/elts/us-gaap-2011-01-31.xsd#us-gaap_WeightedAverageNumberOfSharesOutstandingBasic' xlink:label='us-gaap_WeightedAverageNumberOfSharesOutstandingBasic'/>
		<link:label xlink:type='resource' xlink:label='lab_us-gaap_WeightedAverageNumberOfSharesOutstandingBasic' xlink:role='http://www.xbrl.org/2003/role/label' xml:lang='en-US'>Basic and diluted weighted average common shares outstanding</link:label>
		<link:label xlink:type='resource' xlink:label='lab_us-gaap_WeightedAverageNumberOfSharesOutstandingBasic' xlink:role='http://www.xbrl.org/2003/role/totalLabel' xml:lang='en-US'>Basic and diluted weighted average common shares outstanding</link:label>
		<link:labelArc order='1.0' xlink:type='arc' xlink:arcrole='http://www.xbrl.org/2003/arcrole/concept-label' xlink:from='us-gaap_WeightedAverageNumberOfSharesOutstandingBasic' xlink:to='lab_us-gaap_WeightedAverageNumberOfSharesOutstandingBasic'/>
		<link:loc xlink:type='locator' xlink:href='http://xbrl.fasb.org/us-gaap/2011/elts/us-gaap-2011-01-31.xsd#us-gaap_PreferredStockParOrStatedValuePerShare' xlink:label='us-gaap_PreferredStockParOrStatedValuePerShare'/>
		<link:label xlink:type='resource' xlink:label='lab_us-gaap_PreferredStockParOrStatedValuePerShare' xlink:role='http://www.xbrl.org/2003/role/label' xml:lang='en-US'>Preferred Stock, par or stated value</link:label>
		<link:labelArc order='1.0' xlink:type='arc' xlink:arcrole='http://www.xbrl.org/2003/arcrole/concept-label' xlink:from='us-gaap_PreferredStockParOrStatedValuePerShare' xlink:to='lab_us-gaap_PreferredStockParOrStatedValuePerShare'/>
		<link:loc xlink:type='locator' xlink:href='http://xbrl.fasb.org/us-gaap/2011/elts/us-gaap-2011-01-31.xsd#us-gaap_LiabilitiesCurrent' xlink:label='us-gaap_LiabilitiesCurrent'/>
		<link:label xlink:type='resource' xlink:label='lab_us-gaap_LiabilitiesCurrent' xlink:role='http://www.xbrl.org/2003/role/label' xml:lang='en-US'>Total Current Liabilities</link:label>
		<link:label xlink:type='resource' xlink:label='lab_us-gaap_LiabilitiesCurrent' xlink:role='http://www.xbrl.org/2003/role/totalLabel' xml:lang='en-US'>Total Current Liabilities</link:label>
		<link:labelArc order='1.0' xlink:type='arc' xlink:arcrole='http://www.xbrl.org/2003/arcrole/concept-label' xlink:from='us-gaap_LiabilitiesCurrent' xlink:to='lab_us-gaap_LiabilitiesCurrent'/>
		<link:loc xlink:type='locator' xlink:href='http://xbrl.fasb.org/us-gaap/2011/elts/us-gaap-2011-01-31.xsd#us-gaap_AccountsPayable' xlink:label='us-gaap_AccountsPayable'/>
		<link:label xlink:type='resource' xlink:label='lab_us-gaap_AccountsPayable' xlink:role='http://www.xbrl.org/2003/role/label' xml:lang='en-US'>Accounts payable</link:label>
		<link:labelArc order='1.0' xlink:type='arc' xlink:arcrole='http://www.xbrl.org/2003/arcrole/concept-label' xlink:from='us-gaap_AccountsPayable' xlink:to='lab_us-gaap_AccountsPayable'/>
		<link:loc xlink:type='locator' xlink:href='http://xbrl.sec.gov/dei/2011/dei-2011-01-31.xsd#dei_EntityVoluntaryFilers' xlink:label='dei_EntityVoluntaryFilers'/>
		<link:label xlink:type='resource' xlink:label='lab_dei_EntityVoluntaryFilers' xlink:role='http://www.xbrl.org/2003/role/label' xml:lang='en-US'>Entity Voluntary Filers</link:label>
		<link:labelArc order='1.0' xlink:type='arc' xlink:arcrole='http://www.xbrl.org/2003/arcrole/concept-label' xlink:from='dei_EntityVoluntaryFilers' xlink:to='lab_dei_EntityVoluntaryFilers'/>
		<link:loc xlink:type='locator' xlink:href='http://xbrl.fasb.org/us-gaap/2011/elts/us-gaap-2011-01-31.xsd#us-gaap_NetCashProvidedByUsedInOperatingActivitiesAbstract' xlink:label='us-gaap_NetCashProvidedByUsedInOperatingActivitiesAbstract'/>
		<link:label xlink:type='resource' xlink:label='lab_us-gaap_NetCashProvidedByUsedInOperatingActivitiesAbstract' xlink:role='http://www.xbrl.org/2003/role/label' xml:lang='en-US'>Cash Flows from Operating Activities:</link:label>
		<link:labelArc order='1.0' xlink:type='arc' xlink:arcrole='http://www.xbrl.org/2003/arcrole/concept-label' xlink:from='us-gaap_NetCashProvidedByUsedInOperatingActivitiesAbstract' xlink:to='lab_us-gaap_NetCashProvidedByUsedInOperatingActivitiesAbstract'/>
		<link:loc xlink:type='locator' xlink:href='http://xbrl.fasb.org/us-gaap/2011/elts/us-gaap-2011-01-31.xsd#us-gaap_CommonStockSharesIssued' xlink:label='us-gaap_CommonStockSharesIssued'/>
		<link:label xlink:type='resource' xlink:label='lab_us-gaap_CommonStockSharesIssued' xlink:role='http://www.xbrl.org/2003/role/label' xml:lang='en-US'>Common Stock, shares issued</link:label>
		<link:labelArc order='1.0' xlink:type='arc' xlink:arcrole='http://www.xbrl.org/2003/arcrole/concept-label' xlink:from='us-gaap_CommonStockSharesIssued' xlink:to='lab_us-gaap_CommonStockSharesIssued'/>
		<link:loc xlink:type='locator' xlink:href='http://xbrl.fasb.org/us-gaap/2011/elts/us-gaap-2011-01-31.xsd#us-gaap_Liabilities' xlink:label='us-gaap_Liabilities'/>
		<link:label xlink:type='resource' xlink:label='lab_us-gaap_Liabilities' xlink:role='http://www.xbrl.org/2003/role/label' xml:lang='en-US'>Total Liabilities</link:label>
		<link:label xlink:type='resource' xlink:label='lab_us-gaap_Liabilities' xlink:role='http://www.xbrl.org/2003/role/totalLabel' xml:lang='en-US'>Total Liabilities</link:label>
		<link:labelArc order='1.0' xlink:type='arc' xlink:arcrole='http://www.xbrl.org/2003/arcrole/concept-label' xlink:from='us-gaap_Liabilities' xlink:to='lab_us-gaap_Liabilities'/>
		<link:loc xlink:type='locator' xlink:href='http://xbrl.fasb.org/us-gaap/2011/elts/us-gaap-2011-01-31.xsd#us-gaap_NotesPayableRelatedPartiesCurrent' xlink:label='us-gaap_NotesPayableRelatedPartiesCurrent'/>
		<link:label xlink:type='resource' xlink:label='lab_us-gaap_NotesPayableRelatedPartiesCurrent' xlink:role='http://www.xbrl.org/2003/role/label' xml:lang='en-US'>Note payable - related parties</link:label>
		<link:labelArc order='1.0' xlink:type='arc' xlink:arcrole='http://www.xbrl.org/2003/arcrole/concept-label' xlink:from='us-gaap_NotesPayableRelatedPartiesCurrent' xlink:to='lab_us-gaap_NotesPayableRelatedPartiesCurrent'/>
		<link:loc xlink:type='locator' xlink:href='http://xbrl.fasb.org/us-gaap/2011/elts/us-gaap-2011-01-31.xsd#us-gaap_StatementOfFinancialPositionAbstract' xlink:label='us-gaap_StatementOfFinancialPositionAbstract'/>
		<link:label xlink:type='resource' xlink:label='lab_us-gaap_StatementOfFinancialPositionAbstract' xlink:role='http://www.xbrl.org/2003/role/label' xml:lang='en-US'>Statements of Financial Position</link:label>
		<link:label xlink:type='resource' xlink:label='lab_us-gaap_StatementOfFinancialPositionAbstract' xlink:role='http://www.xbrl.org/2003/role/verboseLabel' xml:lang='en-US'>Statement of Financial Position</link:label>
		<link:labelArc order='1.0' xlink:type='arc' xlink:arcrole='http://www.xbrl.org/2003/arcrole/concept-label' xlink:from='us-gaap_StatementOfFinancialPositionAbstract' xlink:to='lab_us-gaap_StatementOfFinancialPositionAbstract'/>
		<link:loc xlink:type='locator' xlink:href='http://xbrl.sec.gov/dei/2011/dei-2011-01-31.xsd#dei_EntityRegistrantName' xlink:label='dei_EntityRegistrantName'/>
		<link:label xlink:type='resource' xlink:label='lab_dei_EntityRegistrantName' xlink:role='http://www.xbrl.org/2003/role/label' xml:lang='en-US'>Entity Registrant Name</link:label>
		<link:labelArc order='1.0' xlink:type='arc' xlink:arcrole='http://www.xbrl.org/2003/arcrole/concept-label' xlink:from='dei_EntityRegistrantName' xlink:to='lab_dei_EntityRegistrantName'/>
		<link:loc xlink:type='locator' xlink:href='http://xbrl.fasb.org/us-gaap/2011/elts/us-gaap-2011-01-31.xsd#us-gaap_RelatedPartyTransactionsDisclosureTextBlock' xlink:label='us-gaap_RelatedPartyTransactionsDisclosureTextBlock'/>
		<link:label xlink:type='resource' xlink:label='lab_us-gaap_RelatedPartyTransactionsDisclosureTextBlock' xlink:role='http://www.xbrl.org/2003/role/label' xml:lang='en-US'>Related Party Transactions {1}</link:label>
		<link:label xlink:type='resource' xlink:label='lab_us-gaap_RelatedPartyTransactionsDisclosureTextBlock' xlink:role='http://www.xbrl.org/2003/role/terseLabel' xml:lang='en-US'>Related Party Transactions</link:label>
		<link:labelArc order='1.0' xlink:type='arc' xlink:arcrole='http://www.xbrl.org/2003/arcrole/concept-label' xlink:from='us-gaap_RelatedPartyTransactionsDisclosureTextBlock' xlink:to='lab_us-gaap_RelatedPartyTransactionsDisclosureTextBlock'/>
		<link:loc xlink:type='locator' xlink:href='aqsp-20110630.xsd#fil_RelatedPartyDisclosuresAbstract' xlink:label='fil_RelatedPartyDisclosuresAbstract'/>
		<link:label xlink:type='resource' xlink:label='lab_fil_RelatedPartyDisclosuresAbstract' xlink:role='http://www.xbrl.org/2003/role/label' xml:lang='en-US'>Related Party Transactions</link:label>
		<link:labelArc order='1.0' xlink:type='arc' xlink:arcrole='http://www.xbrl.org/2003/arcrole/concept-label' xlink:from='fil_RelatedPartyDisclosuresAbstract' xlink:to='lab_fil_RelatedPartyDisclosuresAbstract'/>
		<link:loc xlink:type='locator' xlink:href='http://xbrl.fasb.org/us-gaap/2011/elts/us-gaap-2011-01-31.xsd#us-gaap_PaymentsForRepurchaseOfCommonStock' xlink:label='us-gaap_PaymentsForRepurchaseOfCommonStock'/>
		<link:label xlink:type='resource' xlink:label='lab_us-gaap_PaymentsForRepurchaseOfCommonStock' xlink:role='http://www.xbrl.org/2003/role/label' xml:lang='en-US'>Redemption of common stock</link:label>
		<link:labelArc order='1.0' xlink:type='arc' xlink:arcrole='http://www.xbrl.org/2003/arcrole/concept-label' xlink:from='us-gaap_PaymentsForRepurchaseOfCommonStock' xlink:to='lab_us-gaap_PaymentsForRepurchaseOfCommonStock'/>
		<link:loc xlink:type='locator' xlink:href='aqsp-20110630.xsd#fil_AqspAmortizationOfDiscountOnLongTermNotesPayableRelatedParties' xlink:label='fil_AqspAmortizationOfDiscountOnLongTermNotesPayableRelatedParties'/>
		<link:label xlink:type='resource' xlink:label='lab_fil_AqspAmortizationOfDiscountOnLongTermNotesPayableRelatedParties' xlink:role='http://www.xbrl.org/2003/role/label' xml:lang='en-US'>Amortization of discount on long-term notes payable-related parties</link:label>
		<link:label xlink:type='resource' xlink:label='lab_fil_AqspAmortizationOfDiscountOnLongTermNotesPayableRelatedParties' xlink:role='http://www.xbrl.org/2003/role/documentation' xml:lang='en-US'>Accrued interest income paid by increase in related party notes receivable.</link:label>
		<link:labelArc order='1.0' xlink:type='arc' xlink:arcrole='http://www.xbrl.org/2003/arcrole/concept-label' xlink:from='fil_AqspAmortizationOfDiscountOnLongTermNotesPayableRelatedParties' xlink:to='lab_fil_AqspAmortizationOfDiscountOnLongTermNotesPayableRelatedParties'/>
		<link:loc xlink:type='locator' xlink:href='aqsp-20110630.xsd#fil_AqspExpensesPaidByCapitalContributedByOfficer' xlink:label='fil_AqspExpensesPaidByCapitalContributedByOfficer'/>
		<link:label xlink:type='resource' xlink:label='lab_fil_AqspExpensesPaidByCapitalContributedByOfficer' xlink:role='http://www.xbrl.org/2003/role/label' xml:lang='en-US'>Expenses paid by capital contributed by officer</link:label>
		<link:label xlink:type='resource' xlink:label='lab_fil_AqspExpensesPaidByCapitalContributedByOfficer' xlink:role='http://www.xbrl.org/2003/role/documentation' xml:lang='en-US'>Waiver of tax liability penalty</link:label>
		<link:labelArc order='1.0' xlink:type='arc' xlink:arcrole='http://www.xbrl.org/2003/arcrole/concept-label' xlink:from='fil_AqspExpensesPaidByCapitalContributedByOfficer' xlink:to='lab_fil_AqspExpensesPaidByCapitalContributedByOfficer'/>
		<link:loc xlink:type='locator' xlink:href='http://xbrl.fasb.org/us-gaap/2011/elts/us-gaap-2011-01-31.xsd#us-gaap_PreferredStockSharesOutstanding' xlink:label='us-gaap_PreferredStockSharesOutstanding'/>
		<link:label xlink:type='resource' xlink:label='lab_us-gaap_PreferredStockSharesOutstanding' xlink:role='http://www.xbrl.org/2003/role/label' xml:lang='en-US'>Preferred Stock, shares outstanding</link:label>
		<link:labelArc order='1.0' xlink:type='arc' xlink:arcrole='http://www.xbrl.org/2003/arcrole/concept-label' xlink:from='us-gaap_PreferredStockSharesOutstanding' xlink:to='lab_us-gaap_PreferredStockSharesOutstanding'/>
		<link:loc xlink:type='locator' xlink:href='http://xbrl.sec.gov/dei/2011/dei-2011-01-31.xsd#dei_DocumentPeriodEndDate' xlink:label='dei_DocumentPeriodEndDate'/>
		<link:label xlink:type='resource' xlink:label='lab_dei_DocumentPeriodEndDate' xlink:role='http://www.xbrl.org/2003/role/label' xml:lang='en-US'>Document Period End Date</link:label>
		<link:labelArc order='1.0' xlink:type='arc' xlink:arcrole='http://www.xbrl.org/2003/arcrole/concept-label' xlink:from='dei_DocumentPeriodEndDate' xlink:to='lab_dei_DocumentPeriodEndDate'/>
		<link:loc xlink:type='locator' xlink:href='aqsp-20110630.xsd#fil_LetterOfIntentAbstract' xlink:label='fil_LetterOfIntentAbstract'/>
		<link:label xlink:type='resource' xlink:label='lab_fil_LetterOfIntentAbstract' xlink:role='http://www.xbrl.org/2003/role/label' xml:lang='en-US'>Letter of Intent</link:label>
		<link:labelArc order='1.0' xlink:type='arc' xlink:arcrole='http://www.xbrl.org/2003/arcrole/concept-label' xlink:from='fil_LetterOfIntentAbstract' xlink:to='lab_fil_LetterOfIntentAbstract'/>
		<link:loc xlink:type='locator' xlink:href='http://xbrl.fasb.org/us-gaap/2011/elts/us-gaap-2011-01-31.xsd#us-gaap_IncreaseDecreaseInPrepaidExpense' xlink:label='us-gaap_IncreaseDecreaseInPrepaidExpense'/>
		<link:label xlink:type='resource' xlink:label='lab_us-gaap_IncreaseDecreaseInPrepaidExpense' xlink:role='http://www.xbrl.org/2003/role/label' xml:lang='en-US'>Prepaid expenses</link:label>
		<link:labelArc order='1.0' xlink:type='arc' xlink:arcrole='http://www.xbrl.org/2003/arcrole/concept-label' xlink:from='us-gaap_IncreaseDecreaseInPrepaidExpense' xlink:to='lab_us-gaap_IncreaseDecreaseInPrepaidExpense'/>
		<link:loc xlink:type='locator' xlink:href='http://xbrl.fasb.org/us-gaap/2011/elts/us-gaap-2011-01-31.xsd#us-gaap_OtherIncomeAndExpensesAbstract' xlink:label='us-gaap_OtherIncomeAndExpensesAbstract'/>
		<link:label xlink:type='resource' xlink:label='lab_us-gaap_OtherIncomeAndExpensesAbstract' xlink:role='http://www.xbrl.org/2003/role/label' xml:lang='en-US'>Other Income (Expense):</link:label>
		<link:labelArc order='1.0' xlink:type='arc' xlink:arcrole='http://www.xbrl.org/2003/arcrole/concept-label' xlink:from='us-gaap_OtherIncomeAndExpensesAbstract' xlink:to='lab_us-gaap_OtherIncomeAndExpensesAbstract'/>
		<link:loc xlink:type='locator' xlink:href='http://xbrl.fasb.org/us-gaap/2011/elts/us-gaap-2011-01-31.xsd#us-gaap_StockholdersEquity' xlink:label='us-gaap_StockholdersEquity'/>
		<link:label xlink:type='resource' xlink:label='lab_us-gaap_StockholdersEquity' xlink:role='http://www.xbrl.org/2003/role/label' xml:lang='en-US'>Total Stockholders&apos; Equity (Deficit)</link:label>
		<link:label xlink:type='resource' xlink:label='lab_us-gaap_StockholdersEquity' xlink:role='http://www.xbrl.org/2003/role/totalLabel' xml:lang='en-US'>Total Stockholders&apos; Equity (Deficit)</link:label>
		<link:labelArc order='1.0' xlink:type='arc' xlink:arcrole='http://www.xbrl.org/2003/arcrole/concept-label' xlink:from='us-gaap_StockholdersEquity' xlink:to='lab_us-gaap_StockholdersEquity'/>
		<link:loc xlink:type='locator' xlink:href='http://xbrl.fasb.org/us-gaap/2011/elts/us-gaap-2011-01-31.xsd#us-gaap_AdditionalPaidInCapital' xlink:label='us-gaap_AdditionalPaidInCapital'/>
		<link:label xlink:type='resource' xlink:label='lab_us-gaap_AdditionalPaidInCapital' xlink:role='http://www.xbrl.org/2003/role/label' xml:lang='en-US'>Additional paid-in capital</link:label>
		<link:labelArc order='1.0' xlink:type='arc' xlink:arcrole='http://www.xbrl.org/2003/arcrole/concept-label' xlink:from='us-gaap_AdditionalPaidInCapital' xlink:to='lab_us-gaap_AdditionalPaidInCapital'/>
		<link:loc xlink:type='locator' xlink:href='aqsp-20110630.xsd#fil_AqspInterestReceivableRelatedParty' xlink:label='fil_AqspInterestReceivableRelatedParty'/>
		<link:label xlink:type='resource' xlink:label='lab_fil_AqspInterestReceivableRelatedParty' xlink:role='http://www.xbrl.org/2003/role/label' xml:lang='en-US'>Interest receivable - related party</link:label>
		<link:label xlink:type='resource' xlink:label='lab_fil_AqspInterestReceivableRelatedParty' xlink:role='http://www.xbrl.org/2003/role/documentation' xml:lang='en-US'>Cumulative net losses reported prior to the development stage.</link:label>
		<link:labelArc order='1.0' xlink:type='arc' xlink:arcrole='http://www.xbrl.org/2003/arcrole/concept-label' xlink:from='fil_AqspInterestReceivableRelatedParty' xlink:to='lab_fil_AqspInterestReceivableRelatedParty'/>
		<link:loc xlink:type='locator' xlink:href='http://xbrl.sec.gov/dei/2011/dei-2011-01-31.xsd#dei_CurrentFiscalYearEndDate' xlink:label='dei_CurrentFiscalYearEndDate'/>
		<link:label xlink:type='resource' xlink:label='lab_dei_CurrentFiscalYearEndDate' xlink:role='http://www.xbrl.org/2003/role/label' xml:lang='en-US'>Current Fiscal Year End Date</link:label>
		<link:labelArc order='1.0' xlink:type='arc' xlink:arcrole='http://www.xbrl.org/2003/arcrole/concept-label' xlink:from='dei_CurrentFiscalYearEndDate' xlink:to='lab_dei_CurrentFiscalYearEndDate'/>
		<link:loc xlink:type='locator' xlink:href='http://xbrl.sec.gov/dei/2011/dei-2011-01-31.xsd#dei_AmendmentFlag' xlink:label='dei_AmendmentFlag'/>
		<link:label xlink:type='resource' xlink:label='lab_dei_AmendmentFlag' xlink:role='http://www.xbrl.org/2003/role/label' xml:lang='en-US'>Amendment Flag</link:label>
		<link:labelArc order='1.0' xlink:type='arc' xlink:arcrole='http://www.xbrl.org/2003/arcrole/concept-label' xlink:from='dei_AmendmentFlag' xlink:to='lab_dei_AmendmentFlag'/>
		<link:loc xlink:type='locator' xlink:href='aqsp-20110630.xsd#fil_DocumentAndEntityInformationAbstract' xlink:label='fil_DocumentAndEntityInformationAbstract'/>
		<link:label xlink:type='resource' xlink:label='lab_fil_DocumentAndEntityInformationAbstract' xlink:role='http://www.xbrl.org/2003/role/label' xml:lang='en-US'>Document and Entity Information</link:label>
		<link:labelArc order='1.0' xlink:type='arc' xlink:arcrole='http://www.xbrl.org/2003/arcrole/concept-label' xlink:from='fil_DocumentAndEntityInformationAbstract' xlink:to='lab_fil_DocumentAndEntityInformationAbstract'/>
		<link:loc xlink:type='locator' xlink:href='aqsp-20110630.xsd#fil_WaiverOfTaxLiabilityPenaltyAbstract' xlink:label='fil_WaiverOfTaxLiabilityPenaltyAbstract'/>
		<link:label xlink:type='resource' xlink:label='lab_fil_WaiverOfTaxLiabilityPenaltyAbstract' xlink:role='http://www.xbrl.org/2003/role/label' xml:lang='en-US'>Waiver of Tax Liability Penalty</link:label>
		<link:labelArc order='1.0' xlink:type='arc' xlink:arcrole='http://www.xbrl.org/2003/arcrole/concept-label' xlink:from='fil_WaiverOfTaxLiabilityPenaltyAbstract' xlink:to='lab_fil_WaiverOfTaxLiabilityPenaltyAbstract'/>
		<link:loc xlink:type='locator' xlink:href='aqsp-20110630.xsd#fil_AqspNotePayableAndWarrantsIssuedInExchangeForNotesReceivableFromARelatedParty' xlink:label='fil_AqspNotePayableAndWarrantsIssuedInExchangeForNotesReceivableFromARelatedParty'/>
		<link:label xlink:type='resource' xlink:label='lab_fil_AqspNotePayableAndWarrantsIssuedInExchangeForNotesReceivableFromARelatedParty' xlink:role='http://www.xbrl.org/2003/role/label' xml:lang='en-US'>Note payable and warrants issued in exchange for notes receivable from a related party</link:label>
		<link:label xlink:type='resource' xlink:label='lab_fil_AqspNotePayableAndWarrantsIssuedInExchangeForNotesReceivableFromARelatedParty' xlink:role='http://www.xbrl.org/2003/role/documentation' xml:lang='en-US'>Note payable and warrants issued to related party in exchange for a note receivable from a related party.</link:label>
		<link:labelArc order='1.0' xlink:type='arc' xlink:arcrole='http://www.xbrl.org/2003/arcrole/concept-label' xlink:from='fil_AqspNotePayableAndWarrantsIssuedInExchangeForNotesReceivableFromARelatedParty' xlink:to='lab_fil_AqspNotePayableAndWarrantsIssuedInExchangeForNotesReceivableFromARelatedParty'/>
		<link:loc xlink:type='locator' xlink:href='http://xbrl.fasb.org/us-gaap/2011/elts/us-gaap-2011-01-31.xsd#us-gaap_LongTermNotesPayable' xlink:label='us-gaap_LongTermNotesPayable'/>
		<link:label xlink:type='resource' xlink:label='lab_us-gaap_LongTermNotesPayable' xlink:role='http://www.xbrl.org/2003/role/label' xml:lang='en-US'>Notes payable, net of discount</link:label>
		<link:labelArc order='1.0' xlink:type='arc' xlink:arcrole='http://www.xbrl.org/2003/arcrole/concept-label' xlink:from='us-gaap_LongTermNotesPayable' xlink:to='lab_us-gaap_LongTermNotesPayable'/>
		<link:loc xlink:type='locator' xlink:href='http://xbrl.fasb.org/us-gaap/2011/elts/us-gaap-2011-01-31.xsd#us-gaap_Assets' xlink:label='us-gaap_Assets'/>
		<link:label xlink:type='resource' xlink:label='lab_us-gaap_Assets' xlink:role='http://www.xbrl.org/2003/role/label' xml:lang='en-US'>Total Assets</link:label>
		<link:label xlink:type='resource' xlink:label='lab_us-gaap_Assets' xlink:role='http://www.xbrl.org/2003/role/totalLabel' xml:lang='en-US'>Total Assets</link:label>
		<link:labelArc order='1.0' xlink:type='arc' xlink:arcrole='http://www.xbrl.org/2003/arcrole/concept-label' xlink:from='us-gaap_Assets' xlink:to='lab_us-gaap_Assets'/>
		<link:loc xlink:type='locator' xlink:href='http://xbrl.fasb.org/us-gaap/2011/elts/us-gaap-2011-01-31.xsd#us-gaap_NotesReceivableRelatedPartiesNoncurrent' xlink:label='us-gaap_NotesReceivableRelatedPartiesNoncurrent'/>
		<link:label xlink:type='resource' xlink:label='lab_us-gaap_NotesReceivableRelatedPartiesNoncurrent' xlink:role='http://www.xbrl.org/2003/role/label' xml:lang='en-US'>Long-term related party note receivable</link:label>
		<link:labelArc order='1.0' xlink:type='arc' xlink:arcrole='http://www.xbrl.org/2003/arcrole/concept-label' xlink:from='us-gaap_NotesReceivableRelatedPartiesNoncurrent' xlink:to='lab_us-gaap_NotesReceivableRelatedPartiesNoncurrent'/>
		<link:loc xlink:type='locator' xlink:href='http://xbrl.sec.gov/dei/2011/dei-2011-01-31.xsd#dei_EntityCurrentReportingStatus' xlink:label='dei_EntityCurrentReportingStatus'/>
		<link:label xlink:type='resource' xlink:label='lab_dei_EntityCurrentReportingStatus' xlink:role='http://www.xbrl.org/2003/role/label' xml:lang='en-US'>Entity Current Reporting Status</link:label>
		<link:labelArc order='1.0' xlink:type='arc' xlink:arcrole='http://www.xbrl.org/2003/arcrole/concept-label' xlink:from='dei_EntityCurrentReportingStatus' xlink:to='lab_dei_EntityCurrentReportingStatus'/>
	</link:labelLink>
</link:linkbase>
