<?xml version='1.0' encoding='iso-8859-1'?>
<!-- Produced by EDGARsuite software, Advanced Computer Innovations, Inc., Copyright (C) 2008-2011 -->
<xbrl xmlns:dei='http://xbrl.sec.gov/dei/2011-01-31' xmlns:fil='http://aqsp/20110630' xmlns='http://www.xbrl.org/2003/instance' xmlns:xsi='http://www.w3.org/2001/XMLSchema-instance' xmlns:xlink='http://www.w3.org/1999/xlink' xmlns:link='http://www.xbrl.org/2003/linkbase' xmlns:xbrli='http://www.xbrl.org/2003/instance' xmlns:us-gaap='http://fasb.org/us-gaap/2011-01-31' xmlns:iso4217='http://www.xbrl.org/2003/iso4217' xmlns:nonnum='http://www.xbrl.org/dtr/type/non-numeric' xmlns:xbrldi='http://xbrl.org/2006/xbrldi'>
	<link:schemaRef xlink:href='aqsp-20110630.xsd' xlink:type='simple' />
	<us-gaap:IncreaseDecreaseInAccountsPayable unitRef='USD' contextRef='D040527_110630' decimals='INF'>11303</us-gaap:IncreaseDecreaseInAccountsPayable>
	<us-gaap:IncreaseDecreaseInAccountsPayable unitRef='USD' contextRef='D100101_100630' decimals='INF'>5969</us-gaap:IncreaseDecreaseInAccountsPayable>
	<us-gaap:IncreaseDecreaseInAccountsPayable unitRef='USD' contextRef='D110101_110630' decimals='INF'>-5752</us-gaap:IncreaseDecreaseInAccountsPayable>
	<us-gaap:AccountsPayable unitRef='USD' contextRef='E10' decimals='INF'>17055</us-gaap:AccountsPayable>
	<us-gaap:AccountsPayable unitRef='USD' contextRef='E11Q2' decimals='INF'>11302</us-gaap:AccountsPayable>
	<fil:AqspAccruedInterestIncomePaidByIncreaseInRelatedPartyNotesReceivable unitRef='USD' contextRef='D040527_110630' decimals='INF'>-10273</fil:AqspAccruedInterestIncomePaidByIncreaseInRelatedPartyNotesReceivable>
	<fil:AqspAccruedInterestIncomePaidByIncreaseInRelatedPartyNotesReceivable unitRef='USD' contextRef='D110101_110630' decimals='INF'>-10273</fil:AqspAccruedInterestIncomePaidByIncreaseInRelatedPartyNotesReceivable>
	<us-gaap:AdditionalPaidInCapital unitRef='USD' contextRef='E10' decimals='INF'>454754</us-gaap:AdditionalPaidInCapital>
	<us-gaap:AdditionalPaidInCapital unitRef='USD' contextRef='E11Q2' decimals='INF'>1153966</us-gaap:AdditionalPaidInCapital>
	<dei:AmendmentFlag contextRef='Y11Q2'>false</dei:AmendmentFlag>
	<us-gaap:AmortizationOfDebtDiscountPremium unitRef='USD' contextRef='D040527_110630' decimals='INF'>11890</us-gaap:AmortizationOfDebtDiscountPremium>
	<us-gaap:AmortizationOfDebtDiscountPremium unitRef='USD' contextRef='D110101_110630' decimals='INF'>11890</us-gaap:AmortizationOfDebtDiscountPremium>
	<fil:AqspAmortizationOfDiscountOnLongTermNotesPayableRelatedParties unitRef='USD' contextRef='D040527_110630' decimals='INF'>9146</fil:AqspAmortizationOfDiscountOnLongTermNotesPayableRelatedParties>
	<fil:AqspAmortizationOfDiscountOnLongTermNotesPayableRelatedParties unitRef='USD' contextRef='D110101_110630' decimals='INF'>9146</fil:AqspAmortizationOfDiscountOnLongTermNotesPayableRelatedParties>
	<us-gaap:Assets unitRef='USD' contextRef='E10' decimals='INF'>5148</us-gaap:Assets>
	<us-gaap:Assets unitRef='USD' contextRef='E11Q2' decimals='INF'>858629</us-gaap:Assets>
	<us-gaap:AssetsCurrent unitRef='USD' contextRef='E10' decimals='INF'>5148</us-gaap:AssetsCurrent>
	<us-gaap:AssetsCurrent unitRef='USD' contextRef='E11Q2' decimals='INF'>38629</us-gaap:AssetsCurrent>
	<us-gaap:BasisOfPresentationAndSignificantAccountingPoliciesTextBlock contextRef='Y11Q2'>&lt;!--egx--&gt;&lt;p style=&quot;TEXT-JUSTIFY:inter-ideograph; TEXT-ALIGN:justify; LINE-HEIGHT:normal; MARGIN:0in 0in 0pt; TEXT-AUTOSPACE:&quot;&gt;&lt;b&gt;Note 1: Basis of Presentation&lt;/b&gt;&lt;/p&gt; &lt;p style=&quot;LINE-HEIGHT:normal; MARGIN:0in 0in 0pt; TEXT-AUTOSPACE:; tab-stops:500.1pt&quot;&gt;&amp;nbsp;&lt;/p&gt; &lt;p style=&quot;TEXT-JUSTIFY:inter-ideograph; TEXT-ALIGN:justify; LINE-HEIGHT:normal; MARGIN:0in 0in 0pt; TEXT-AUTOSPACE:&quot;&gt;The accompanying unaudited condensed financial statements of Acquired Sales Corp. (the &amp;#147;Company&amp;#148;) were prepared pursuant to the rules and regulations of the United States Securities and Exchange Commission. Certain information and footnote disclosures normally included in financial statements prepared in accordance with accounting principles generally accepted in the United States of America have been condensed or omitted pursuant to such rules and regulations. Management of the Company (&amp;#147;Management&amp;#148;) believes that the following disclosures are adequate and sufficient to make the information presented not misleading. These financial statements should be read in conjunction with the audited financial statements and the notes thereto included in the Company&amp;#146;s Form 10-K report for the transition period from October 1, 2010 to December 31, 2010.&lt;/p&gt; &lt;p style=&quot;LINE-HEIGHT:normal; MARGIN:0in 0in 0pt; TEXT-AUTOSPACE:; tab-stops:500.1pt&quot;&gt;&amp;nbsp;&lt;/p&gt; &lt;p style=&quot;TEXT-JUSTIFY:inter-ideograph; TEXT-ALIGN:justify; LINE-HEIGHT:normal; MARGIN:0in 0in 0pt; TEXT-AUTOSPACE:&quot;&gt;These unaudited condensed financial statements reflect all adjustments, consisting only of normal recurring adjustments that, in the opinion of Management, are necessary to present fairly the financial position and results of operations of the Company for the periods presented. Operating results for the three and six months ended June 30, 2011, are not necessarily indicative of the results that may be expected for the year ending December 31, 2011 or for any other period.&lt;/p&gt;</us-gaap:BasisOfPresentationAndSignificantAccountingPoliciesTextBlock>
	<us-gaap:CashAndCashEquivalentsAtCarryingValue unitRef='USD' contextRef='E09' decimals='INF'>6323</us-gaap:CashAndCashEquivalentsAtCarryingValue>
	<us-gaap:CashAndCashEquivalentsAtCarryingValue unitRef='USD' contextRef='E10' decimals='INF'>5148</us-gaap:CashAndCashEquivalentsAtCarryingValue>
	<us-gaap:CashAndCashEquivalentsAtCarryingValue unitRef='USD' contextRef='E10Q2' decimals='INF'>1011</us-gaap:CashAndCashEquivalentsAtCarryingValue>
	<us-gaap:CashAndCashEquivalentsAtCarryingValue unitRef='USD' contextRef='E11Q2' decimals='INF'>3356</us-gaap:CashAndCashEquivalentsAtCarryingValue>
	<us-gaap:CashAndCashEquivalentsPeriodIncreaseDecrease unitRef='USD' contextRef='D040527_110630' decimals='INF'>3356</us-gaap:CashAndCashEquivalentsPeriodIncreaseDecrease>
	<us-gaap:CashAndCashEquivalentsPeriodIncreaseDecrease unitRef='USD' contextRef='D100101_100630' decimals='INF'>-5312</us-gaap:CashAndCashEquivalentsPeriodIncreaseDecrease>
	<us-gaap:CashAndCashEquivalentsPeriodIncreaseDecrease unitRef='USD' contextRef='D110101_110630' decimals='INF'>-1792</us-gaap:CashAndCashEquivalentsPeriodIncreaseDecrease>
	<us-gaap:InterestPaid unitRef='USD' contextRef='D100101_100630' decimals='INF'>1007</us-gaap:InterestPaid>
	<us-gaap:InterestPaid unitRef='USD' contextRef='D110101_110630' decimals='INF'>11527</us-gaap:InterestPaid>
	<us-gaap:CommonStockValue unitRef='USD' contextRef='E10' decimals='INF'>5833</us-gaap:CommonStockValue>
	<us-gaap:CommonStockValue unitRef='USD' contextRef='E11Q2' decimals='INF'>5833</us-gaap:CommonStockValue>
	<us-gaap:CommonStockParOrStatedValuePerShare unitRef='UsdPerShare' contextRef='E10' decimals='INF'>0.001</us-gaap:CommonStockParOrStatedValuePerShare>
	<us-gaap:CommonStockParOrStatedValuePerShare unitRef='UsdPerShare' contextRef='E11Q2' decimals='INF'>0.001</us-gaap:CommonStockParOrStatedValuePerShare>
	<us-gaap:CommonStockSharesAuthorized unitRef='Shares' contextRef='E10' decimals='INF'>50000000</us-gaap:CommonStockSharesAuthorized>
	<us-gaap:CommonStockSharesAuthorized unitRef='Shares' contextRef='E11Q2' decimals='INF'>50000000</us-gaap:CommonStockSharesAuthorized>
	<us-gaap:CommonStockSharesIssued unitRef='Shares' contextRef='E10' decimals='INF'>5832482</us-gaap:CommonStockSharesIssued>
	<us-gaap:CommonStockSharesIssued unitRef='Shares' contextRef='E11Q2' decimals='INF'>5832482</us-gaap:CommonStockSharesIssued>
	<us-gaap:CommonStockSharesOutstanding unitRef='Shares' contextRef='E10' decimals='INF'>5832482</us-gaap:CommonStockSharesOutstanding>
	<us-gaap:CommonStockSharesOutstanding unitRef='Shares' contextRef='E11Q2' decimals='INF'>5832482</us-gaap:CommonStockSharesOutstanding>
	<dei:CurrentFiscalYearEndDate contextRef='Y11Q2'>--12-31</dei:CurrentFiscalYearEndDate>
	<us-gaap:DevelopmentStageEnterpriseDeficitAccumulatedDuringDevelopmentStage unitRef='USD' contextRef='E10' decimals='INF'>-447343</us-gaap:DevelopmentStageEnterpriseDeficitAccumulatedDuringDevelopmentStage>
	<us-gaap:DevelopmentStageEnterpriseDeficitAccumulatedDuringDevelopmentStage unitRef='USD' contextRef='E11Q2' decimals='INF'>-915355</us-gaap:DevelopmentStageEnterpriseDeficitAccumulatedDuringDevelopmentStage>
	<fil:AqspDeficitAccumulatedPriorToTheDevelopmentStage unitRef='USD' contextRef='E10' decimals='INF'>-69151</fil:AqspDeficitAccumulatedPriorToTheDevelopmentStage>
	<fil:AqspDeficitAccumulatedPriorToTheDevelopmentStage unitRef='USD' contextRef='E11Q2' decimals='INF'>-69151</fil:AqspDeficitAccumulatedPriorToTheDevelopmentStage>
	<dei:DocumentFiscalPeriodFocus contextRef='Y11Q2'>Q2</dei:DocumentFiscalPeriodFocus>
	<dei:DocumentFiscalYearFocus contextRef='Y11Q2'>2011</dei:DocumentFiscalYearFocus>
	<dei:DocumentPeriodEndDate contextRef='Y11Q2'>2011-06-30</dei:DocumentPeriodEndDate>
	<dei:DocumentType contextRef='Y11Q2'>10-Q</dei:DocumentType>
	<us-gaap:EarningsPerShareBasicAndDiluted unitRef='UsdPerShare' contextRef='D100101_100630' decimals='INF'>-0.00</us-gaap:EarningsPerShareBasicAndDiluted>
	<us-gaap:EarningsPerShareBasicAndDiluted unitRef='UsdPerShare' contextRef='D110101_110630' decimals='INF'>-0.08</us-gaap:EarningsPerShareBasicAndDiluted>
	<us-gaap:EarningsPerShareBasicAndDiluted unitRef='UsdPerShare' contextRef='Y10Q2' decimals='INF'>-0.00</us-gaap:EarningsPerShareBasicAndDiluted>
	<us-gaap:EarningsPerShareBasicAndDiluted unitRef='UsdPerShare' contextRef='Y11Q2' decimals='INF'>-0.03</us-gaap:EarningsPerShareBasicAndDiluted>
	<dei:EntityCentralIndexKey contextRef='Y11Q2'>0001391135</dei:EntityCentralIndexKey>
	<dei:EntityCommonStockSharesOutstanding unitRef='Shares' contextRef='I110811' decimals='INF'>5832482</dei:EntityCommonStockSharesOutstanding>
	<dei:EntityCurrentReportingStatus contextRef='Y11Q2'>Yes</dei:EntityCurrentReportingStatus>
	<dei:EntityFilerCategory contextRef='Y11Q2'>Smaller Reporting Company</dei:EntityFilerCategory>
	<dei:EntityRegistrantName contextRef='Y11Q2'>ACQUIRED SALES CORP</dei:EntityRegistrantName>
	<dei:EntityVoluntaryFilers contextRef='Y11Q2'>No</dei:EntityVoluntaryFilers>
	<dei:EntityWellKnownSeasonedIssuer contextRef='Y11Q2'>No</dei:EntityWellKnownSeasonedIssuer>
	<fil:AqspExpensesPaidByCapitalContributedByOfficer unitRef='USD' contextRef='D040527_110630' decimals='INF'>20</fil:AqspExpensesPaidByCapitalContributedByOfficer>
	<us-gaap:GeneralAndAdministrativeExpense unitRef='USD' contextRef='D040527_110630' decimals='INF'>-947410</us-gaap:GeneralAndAdministrativeExpense>
	<us-gaap:GeneralAndAdministrativeExpense unitRef='USD' contextRef='D100101_100630' decimals='INF'>-14222</us-gaap:GeneralAndAdministrativeExpense>
	<us-gaap:GeneralAndAdministrativeExpense unitRef='USD' contextRef='D110101_110630' decimals='INF'>-449643</us-gaap:GeneralAndAdministrativeExpense>
	<us-gaap:GeneralAndAdministrativeExpense unitRef='USD' contextRef='Y10Q2' decimals='INF'>-6457</us-gaap:GeneralAndAdministrativeExpense>
	<us-gaap:GeneralAndAdministrativeExpense unitRef='USD' contextRef='Y11Q2' decimals='INF'>-144976</us-gaap:GeneralAndAdministrativeExpense>
	<us-gaap:InterestExpense unitRef='USD' contextRef='D040527_110630' decimals='INF'>-42503</us-gaap:InterestExpense>
	<us-gaap:InterestExpense unitRef='USD' contextRef='D100101_100630' decimals='INF'>-1078</us-gaap:InterestExpense>
	<us-gaap:InterestExpense unitRef='USD' contextRef='D110101_110630' decimals='INF'>-32563</us-gaap:InterestExpense>
	<us-gaap:InterestExpense unitRef='USD' contextRef='Y10Q2' decimals='INF'>-585</us-gaap:InterestExpense>
	<us-gaap:InterestExpense unitRef='USD' contextRef='Y11Q2' decimals='INF'>-14061</us-gaap:InterestExpense>
	<us-gaap:InvestmentIncomeInterest unitRef='USD' contextRef='D040527_110630' decimals='INF'>14194</us-gaap:InvestmentIncomeInterest>
	<us-gaap:InvestmentIncomeInterest unitRef='USD' contextRef='D110101_110630' decimals='INF'>14194</us-gaap:InvestmentIncomeInterest>
	<us-gaap:InvestmentIncomeInterest unitRef='USD' contextRef='Y11Q2' decimals='INF'>10273</us-gaap:InvestmentIncomeInterest>
	<fil:AqspInterestReceivableRelatedParty unitRef='USD' contextRef='E11Q2' decimals='INF'>10273</fil:AqspInterestReceivableRelatedParty>
	<us-gaap:IssuanceOfStockAndWarrantsForServicesOrClaims unitRef='USD' contextRef='D040527_110630' decimals='INF'>11970</us-gaap:IssuanceOfStockAndWarrantsForServicesOrClaims>
	<fil:LetterOfIntentTextBlock contextRef='Y11Q2'>&lt;!--egx--&gt;&lt;p style=&quot;TEXT-JUSTIFY:inter-ideograph; TEXT-ALIGN:justify; LINE-HEIGHT:normal; MARGIN:0in 0in 0pt; TEXT-AUTOSPACE:&quot;&gt;&lt;b&gt;Note 5 &amp;#150; Letter of Intent&lt;/b&gt;&lt;/p&gt; &lt;p style=&quot;LINE-HEIGHT:normal; MARGIN:0in 0in 0pt; TEXT-AUTOSPACE:; tab-stops:500.1pt&quot;&gt;&amp;nbsp;&lt;/p&gt; &lt;p style=&quot;TEXT-JUSTIFY:inter-ideograph; TEXT-ALIGN:justify; LINE-HEIGHT:normal; MARGIN:0in 0in 0pt; TEXT-AUTOSPACE:&quot;&gt;On November 4, 2010 the Company entered into an Agreement (the &amp;#147;November 4, 2010 Agreement&amp;#148;) which included a letter of intent with Cogility, a software technology company specializing in Model-Driven Complex Event Processing for the U.S. defense and intelligence communities and private sector corporations with complex information management requirements, for a wholly-owned subsidiary of the Company to acquire Cogility in a stock-for-stock merger (&amp;#147;Cogility Merger&amp;#148;). The closing of the Cogility Merger contemplated by the letter of intent is subject to a number of conditions including completion of mutually acceptable due diligence, execution of definitive merger documents and obtaining necessary third party approvals. In addition, Cogility will be required to deliver audited financial statements to the Company and the Company will be required to complete a 1-for-20 reverse split of its common stock, options and warrants as a condition precedent to the closing of the Cogility Merger and all necessary filings with the SEC.&lt;/p&gt; &lt;p style=&quot;LINE-HEIGHT:normal; MARGIN:0in 0in 0pt; TEXT-AUTOSPACE:; tab-stops:500.1pt&quot;&gt;&amp;nbsp;&lt;/p&gt; &lt;p style=&quot;TEXT-JUSTIFY:inter-ideograph; TEXT-ALIGN:justify; LINE-HEIGHT:normal; MARGIN:0in 0in 0pt; TEXT-AUTOSPACE:&quot;&gt;Pursuant to the November 4, 2010 Agreement:&lt;/p&gt; &lt;p style=&quot;LINE-HEIGHT:normal; MARGIN:0in 0in 0pt; TEXT-AUTOSPACE:; tab-stops:500.1pt&quot;&gt;&amp;nbsp;&lt;/p&gt; &lt;p style=&quot;TEXT-JUSTIFY:inter-ideograph; TEXT-ALIGN:justify; LINE-HEIGHT:normal; MARGIN:0in 0in 0pt; TEXT-AUTOSPACE:&quot;&gt;(1) on November 4, 2010, the Company issued to its director and sole officer and five of its non-officer directors options to acquire an aggregate of 12,600,000 pre-split shares of its common stock at an exercise price of $.10 per share (upon completion of the 1-for-20 reverse split, these options shall be converted into an aggregate of 630,000 options, each with an exercise price of $2.00 per share), with the vesting of such options being contingent upon the closing of the Cogility Merger.&amp;nbsp;&amp;nbsp;The options expire on the 10th anniversary of the closing of the Cogility Merger;&lt;/p&gt; &lt;p style=&quot;LINE-HEIGHT:normal; MARGIN:0in 0in 0pt; TEXT-AUTOSPACE:; tab-stops:500.1pt&quot;&gt;&amp;nbsp;&lt;/p&gt; &lt;p style=&quot;TEXT-JUSTIFY:inter-ideograph; TEXT-ALIGN:justify; LINE-HEIGHT:normal; MARGIN:0in 0in 0pt; TEXT-AUTOSPACE:&quot;&gt;(2) on November 4, 2010, Cogility issued to the Company&amp;#146;s sole officer options to acquire an aggregate of 2,500,000 shares of Cogility&amp;#146;s common stock at an exercise price of $0.377358 per share (upon completion of the 1-for-20 reverse split and the closing of the Cogility Merger, these options shall be converted into an aggregate of 471,698 options, each with an exercise price of $2.00 per share), with the vesting of such options being contingent upon the completion of a private placement of common stock, preferred stock, convertible preferred stock, debt, or convertible debt by Cogility or the Company either prior to, simultaneously with, or after the closing of the Merger in the amount of $500,000 or more;&lt;/p&gt; &lt;p style=&quot;LINE-HEIGHT:normal; MARGIN:0in 0in 0pt; TEXT-AUTOSPACE:; tab-stops:500.1pt&quot;&gt;&amp;nbsp;&lt;/p&gt; &lt;p style=&quot;TEXT-JUSTIFY:inter-ideograph; TEXT-ALIGN:justify; LINE-HEIGHT:normal; MARGIN:0in 0in 0pt; TEXT-AUTOSPACE:&quot;&gt;(3) on November 4, 2010, Cogility issued to the Company&amp;#146;s sole officer and two of its directors options to acquire an aggregate of 795,000 shares of Cogility&amp;#146;s common stock at an exercise price of $0.001 per share (upon completion of the 1-for-20 reverse split of the Company&amp;#146;s common stock and the closing of the Cogility Merger, these options shall be converted into an aggregate of 150,000 Company options, each with an exercise price of $.001 per share), with the vesting of such options being contingent upon the completion of a private placement of common stock, preferred stock, convertible preferred stock, debt, or convertible debt by Cogility or the Company either prior to, simultaneously with, or after the closing of the Merger in the amount of $500,000 or more;&lt;/p&gt; &lt;p style=&quot;LINE-HEIGHT:normal; MARGIN:0in 0in 0pt; TEXT-AUTOSPACE:; tab-stops:500.1pt&quot;&gt;&amp;nbsp;&lt;/p&gt; &lt;p style=&quot;TEXT-JUSTIFY:inter-ideograph; TEXT-ALIGN:justify; LINE-HEIGHT:normal; MARGIN:0in 0in 0pt; TEXT-AUTOSPACE:&quot;&gt;(4) at the closing of the Cogility Merger, the Company will issue an aggregate of 2,175,564 post-split shares of its common stock to Cogility stockholders (which include an affiliate of the Company&apos;s sole officer and one of the Company&apos;s directors);&lt;/p&gt; &lt;p style=&quot;TEXT-JUSTIFY:inter-ideograph; TEXT-ALIGN:justify; LINE-HEIGHT:normal; MARGIN:0in 0in 0pt; TEXT-AUTOSPACE:; tab-stops:500.1pt&quot;&gt;&amp;nbsp;&lt;/p&gt; &lt;p style=&quot;TEXT-JUSTIFY:inter-ideograph; TEXT-ALIGN:justify; LINE-HEIGHT:normal; MARGIN:0in 0in 0pt; TEXT-AUTOSPACE:&quot;&gt;&amp;nbsp;(5) at the closing of the Cogility Merger, the Company will issue to Cogility&amp;#146;s option holders (these being in addition to options mentioned in (2) and (3) above), options to acquire an aggregate of 458,428 post-split shares of the Company&apos;s common stock at exercise prices ranging from $1.06 to $5.00 per share; and&lt;/p&gt; &lt;p style=&quot;LINE-HEIGHT:normal; MARGIN:0in 0in 0pt; TEXT-AUTOSPACE:; tab-stops:500.1pt&quot;&gt;&amp;nbsp;&lt;/p&gt; &lt;p style=&quot;TEXT-JUSTIFY:inter-ideograph; TEXT-ALIGN:justify; LINE-HEIGHT:normal; MARGIN:0in 0in 0pt; TEXT-AUTOSPACE:&quot;&gt;(6) at the closing of the Cogility Merger, the Company will issue options to acquire an aggregate of 1,500,000 post-split shares of the Company&apos;s common stock at an exercise price of $5.00 per share to the Company&amp;#146;s current or future directors, officers, employees or consultants of or to Cogility.&lt;/p&gt;</fil:LetterOfIntentTextBlock>
	<us-gaap:Liabilities unitRef='USD' contextRef='E10' decimals='INF'>61055</us-gaap:Liabilities>
	<us-gaap:Liabilities unitRef='USD' contextRef='E11Q2' decimals='INF'>683336</us-gaap:Liabilities>
	<us-gaap:LiabilitiesAndStockholdersEquity unitRef='USD' contextRef='E10' decimals='INF'>5148</us-gaap:LiabilitiesAndStockholdersEquity>
	<us-gaap:LiabilitiesAndStockholdersEquity unitRef='USD' contextRef='E11Q2' decimals='INF'>858629</us-gaap:LiabilitiesAndStockholdersEquity>
	<us-gaap:LiabilitiesCurrent unitRef='USD' contextRef='E10' decimals='INF'>61055</us-gaap:LiabilitiesCurrent>
	<us-gaap:LiabilitiesCurrent unitRef='USD' contextRef='E11Q2' decimals='INF'>51302</us-gaap:LiabilitiesCurrent>
	<fil:AqspOriginationOfNotesReceivableFromRelatedPartiesCurrent unitRef='USD' contextRef='D040527_110630' decimals='INF'>-25000</fil:AqspOriginationOfNotesReceivableFromRelatedPartiesCurrent>
	<fil:AqspOriginationOfNotesReceivableFromRelatedPartiesCurrent unitRef='USD' contextRef='D110101_110630' decimals='INF'>-25000</fil:AqspOriginationOfNotesReceivableFromRelatedPartiesCurrent>
	<us-gaap:OriginationOfNotesReceivableFromRelatedParties unitRef='USD' contextRef='D040527_110630' decimals='INF'>-820000</us-gaap:OriginationOfNotesReceivableFromRelatedParties>
	<us-gaap:OriginationOfNotesReceivableFromRelatedParties unitRef='USD' contextRef='D110101_110630' decimals='INF'>-820000</us-gaap:OriginationOfNotesReceivableFromRelatedParties>
	<fil:AqspLongTermLiabilities contextRef='Y11Q2'>&lt;!--egx--&gt;&lt;p style=&quot;TEXT-JUSTIFY:inter-ideograph; TEXT-ALIGN:justify; LINE-HEIGHT:normal; MARGIN:0in 0in 0pt; TEXT-AUTOSPACE:&quot;&gt;&lt;b&gt;Note 7 &amp;#150; Long-term Liabilities&lt;/b&gt;&lt;/p&gt; &lt;p style=&quot;LINE-HEIGHT:normal; MARGIN:0in 0in 0pt; TEXT-AUTOSPACE:; tab-stops:500.1pt&quot;&gt;&amp;nbsp;&lt;/p&gt; &lt;p style=&quot;TEXT-JUSTIFY:inter-ideograph; TEXT-ALIGN:justify; LINE-HEIGHT:normal; MARGIN:0in 0in 0pt; TEXT-AUTOSPACE:&quot;&gt;During the six months ended June 30, 2011, the Company issued $920,000 of 3% promissory notes and warrants to purchase 9,200,000 pre-split shares of common stock at $0.10 per share to accredited investors in a private placement offering. The notes payable and the warrants were issued in exchange for $700,000 in cash, the exchange and settlement of a $200,000 note payable to an entity related to the sole officer of the Company, which note payable had previously been assumed from Cogility, and the transfer and assignment from an unrelated third party of a $20,000 note receivable from Cortez Systems. Notes for $400,000 were issued to related parties, which included $200,000 of the cash received (see Note 3). The promissory notes accrue interest at the rate of 3% per annum payable quarterly on the last day of each calendar quarter beginning March 31, 2011, mature on December 31, 2014 and are secured by all of the assets of the Company. The warrants are exercisable through March 31, 2016.&lt;/p&gt; &lt;p style=&quot;TEXT-JUSTIFY:inter-ideograph; TEXT-ALIGN:justify; LINE-HEIGHT:normal; MARGIN:0in 0in 0pt; TEXT-AUTOSPACE:&quot;&gt;&amp;nbsp;&lt;/p&gt; &lt;p style=&quot;TEXT-JUSTIFY:inter-ideograph; TEXT-ALIGN:justify; LINE-HEIGHT:normal; MARGIN:0in 0in 0pt; TEXT-AUTOSPACE:&quot;&gt;The fair value of the warrants issued was estimated to be $465,275 using the Black-Scholes option pricing model using the following weighted-average assumptions: estimated future volatility of 82.46%; risk-free interest rate of 1.1%; dividend yield of 0% and an estimated term of 2.65 years. The warrants qualify to be recognized as stockholders&amp;#146; equity; therefore, the consideration received was allocated to the notes payable and the warrants based on their relative fair values and resulted in $345,347 being allocated to the notes payable, $265,651 to notes payable &amp;#150; related party, and $309,002 allocated to the warrants. The resulting discount to the notes payable is being amortized over the term of the promissory notes using the interest method and cause the notes payable to have an effective interest rate of 14.55%. The Company recognized $6,114 and $21,035 of amortization of the discount on the notes payable as interest expense for the three and&amp;nbsp;&amp;nbsp;six months ended June 30, 2011, respectively.&lt;/p&gt; &lt;p style=&quot;TEXT-JUSTIFY:inter-ideograph; TEXT-ALIGN:justify; LINE-HEIGHT:normal; MARGIN:0in 0in 0pt; TEXT-AUTOSPACE:&quot;&gt;&amp;nbsp;&lt;/p&gt; &lt;p style=&quot;TEXT-JUSTIFY:inter-ideograph; TEXT-ALIGN:justify; LINE-HEIGHT:normal; MARGIN:0in 0in 0pt; TEXT-AUTOSPACE:&quot;&gt;In addition to the 3% promissory notes and warrants described above, at any time during the first 90 days following the date of the completion of the proposed merger with Cogility, each investor in the private placement offering has the right to make a second loan to the Company in the same amount and on the same terms as the 3% promissory notes and warrants described above. Under current accounting guidance, none of the consideration received was allocated to the investors&amp;#146; rights to make additional loans.&lt;/p&gt; &lt;p style=&quot;TEXT-JUSTIFY:inter-ideograph; TEXT-ALIGN:justify; LINE-HEIGHT:normal; MARGIN:0in 0in 0pt; TEXT-AUTOSPACE:&quot;&gt;&amp;nbsp;&lt;/p&gt;</fil:AqspLongTermLiabilities>
	<us-gaap:NotesReceivableRelatedPartiesNoncurrent unitRef='USD' contextRef='E11Q2' decimals='INF'>820000</us-gaap:NotesReceivableRelatedPartiesNoncurrent>
	<us-gaap:NetCashProvidedByUsedInFinancingActivities unitRef='USD' contextRef='D040527_110630' decimals='INF'>1099810</us-gaap:NetCashProvidedByUsedInFinancingActivities>
	<us-gaap:NetCashProvidedByUsedInFinancingActivities unitRef='USD' contextRef='D100101_100630' decimals='INF'>4000</us-gaap:NetCashProvidedByUsedInFinancingActivities>
	<us-gaap:NetCashProvidedByUsedInFinancingActivities unitRef='USD' contextRef='D110101_110630' decimals='INF'>916000</us-gaap:NetCashProvidedByUsedInFinancingActivities>
	<us-gaap:NetCashProvidedByUsedInInvestingActivities unitRef='USD' contextRef='D040527_110630' decimals='INF'>-845000</us-gaap:NetCashProvidedByUsedInInvestingActivities>
	<us-gaap:NetCashProvidedByUsedInInvestingActivities unitRef='USD' contextRef='D110101_110630' decimals='INF'>-845000</us-gaap:NetCashProvidedByUsedInInvestingActivities>
	<us-gaap:NetCashProvidedByUsedInOperatingActivities unitRef='USD' contextRef='D040527_110630' decimals='INF'>-251454</us-gaap:NetCashProvidedByUsedInOperatingActivities>
	<us-gaap:NetCashProvidedByUsedInOperatingActivities unitRef='USD' contextRef='D100101_100630' decimals='INF'>-9312</us-gaap:NetCashProvidedByUsedInOperatingActivities>
	<us-gaap:NetCashProvidedByUsedInOperatingActivities unitRef='USD' contextRef='D110101_110630' decimals='INF'>-72792</us-gaap:NetCashProvidedByUsedInOperatingActivities>
	<us-gaap:ProfitLoss unitRef='USD' contextRef='D040527_110630' decimals='INF'>-915355</us-gaap:ProfitLoss>
	<us-gaap:ProfitLoss unitRef='USD' contextRef='D100101_100630' decimals='INF'>-15300</us-gaap:ProfitLoss>
	<us-gaap:ProfitLoss unitRef='USD' contextRef='D110101_110630' decimals='INF'>-468012</us-gaap:ProfitLoss>
	<us-gaap:ProfitLoss unitRef='USD' contextRef='Y10Q2' decimals='INF'>-7042</us-gaap:ProfitLoss>
	<us-gaap:ProfitLoss unitRef='USD' contextRef='Y11Q2' decimals='INF'>-148764</us-gaap:ProfitLoss>
	<us-gaap:NonoperatingIncomeExpense unitRef='USD' contextRef='D040527_110630' decimals='INF'>32055</us-gaap:NonoperatingIncomeExpense>
	<us-gaap:NonoperatingIncomeExpense unitRef='USD' contextRef='D100101_100630' decimals='INF'>-1078</us-gaap:NonoperatingIncomeExpense>
	<us-gaap:NonoperatingIncomeExpense unitRef='USD' contextRef='D110101_110630' decimals='INF'>-18369</us-gaap:NonoperatingIncomeExpense>
	<us-gaap:NonoperatingIncomeExpense unitRef='USD' contextRef='Y10Q2' decimals='INF'>-585</us-gaap:NonoperatingIncomeExpense>
	<us-gaap:NonoperatingIncomeExpense unitRef='USD' contextRef='Y11Q2' decimals='INF'>-3788</us-gaap:NonoperatingIncomeExpense>
	<us-gaap:NotesPayableRelatedPartiesCurrent unitRef='USD' contextRef='E10' decimals='INF'>44000</us-gaap:NotesPayableRelatedPartiesCurrent>
	<us-gaap:NotesPayableRelatedPartiesCurrent unitRef='USD' contextRef='E11Q2' decimals='INF'>40000</us-gaap:NotesPayableRelatedPartiesCurrent>
	<fil:AqspNotePayableAndWarrantsIssuedInExchangeForNotesReceivableFromARelatedParty unitRef='USD' contextRef='D110101_110630' decimals='INF'>20000</fil:AqspNotePayableAndWarrantsIssuedInExchangeForNotesReceivableFromARelatedParty>
	<fil:AqspNotePayableAndWarrantsIssuedToRelatedPartyInExchangeForANoteReceivableFromARelatedParty unitRef='USD' contextRef='D110101_110630' decimals='INF'>200000</fil:AqspNotePayableAndWarrantsIssuedToRelatedPartyInExchangeForANoteReceivableFromARelatedParty>
	<us-gaap:NotesPayableRelatedPartiesNoncurrent unitRef='USD' contextRef='E11Q2' decimals='INF'>274797</us-gaap:NotesPayableRelatedPartiesNoncurrent>
	<us-gaap:LongTermNotesPayable unitRef='USD' contextRef='E11Q2' decimals='INF'>357237</us-gaap:LongTermNotesPayable>
	<us-gaap:NotesReceivableRelatedPartiesCurrent unitRef='USD' contextRef='E11Q2' decimals='INF'>25000</us-gaap:NotesReceivableRelatedPartiesCurrent>
	<us-gaap:OrganizationConsolidationAndPresentationOfFinancialStatementsDisclosureAndSignificantAccountingPoliciesTextBlock contextRef='Y11Q2'>&lt;!--egx--&gt;&lt;p style=&quot;TEXT-JUSTIFY:inter-ideograph; TEXT-ALIGN:justify; LINE-HEIGHT:normal; MARGIN:0in 0in 0pt; TEXT-AUTOSPACE:&quot;&gt;&lt;b&gt;Note 2: Organization and Summary of Significant Accounting Policies&lt;/b&gt;&lt;/p&gt; &lt;p style=&quot;LINE-HEIGHT:normal; MARGIN:0in 0in 0pt; TEXT-AUTOSPACE:; tab-stops:500.1pt&quot;&gt;&amp;nbsp;&lt;/p&gt; &lt;p style=&quot;TEXT-JUSTIFY:inter-ideograph; TEXT-ALIGN:justify; LINE-HEIGHT:normal; MARGIN:0in 0in 0pt; TEXT-AUTOSPACE:&quot;&gt;The Company was incorporated under the laws of the State of Nevada on January 2, 1986. In August 2001, the Company ceased all of its prior operations and remained dormant from then until May 27, 2004 when it began new development stage activities.&lt;/p&gt; &lt;p style=&quot;LINE-HEIGHT:normal; MARGIN:0in 0in 0pt; TEXT-AUTOSPACE:; tab-stops:500.1pt&quot;&gt;&amp;nbsp;&lt;/p&gt; &lt;p style=&quot;TEXT-JUSTIFY:inter-ideograph; TEXT-ALIGN:justify; LINE-HEIGHT:normal; MARGIN:0in 0in 0pt; TEXT-AUTOSPACE:&quot;&gt;On November 15, 2010 the Company&amp;#146;s Board of Directors approved and with a record date of November 23, 2010 a majority of the Company&amp;#146;s stockholders approved by written consent the following actions: a) increase the number of shares of common stock authorized to be issued from 50,000,000 to 100,000,000; b) to change the fiscal year end from September 30 to December 31; c) a 1-for-20 reverse split of common stock and warrants; d) the acquisition of Cogility Software Corporation (&amp;#147;Cogility&amp;#148;); and e) a stock option plan relating to the options associated with the letter of intent with Cogility. The Company has undertaken to change its year end to December 31; however, none of the other approved actions have been consummated.&lt;/p&gt; &lt;p style=&quot;LINE-HEIGHT:normal; MARGIN:0in 0in 0pt; TEXT-AUTOSPACE:; tab-stops:500.1pt&quot;&gt;&amp;nbsp;&lt;/p&gt; &lt;p style=&quot;TEXT-JUSTIFY:inter-ideograph; TEXT-ALIGN:justify; LINE-HEIGHT:normal; MARGIN:0in 0in 0pt; TEXT-AUTOSPACE:&quot;&gt;&lt;u style=&quot;text-underline:black&quot;&gt;Development stage enterprise&lt;/u&gt; &amp;#150; The Company is a development stage enterprise and has only generated income in relation to interest earned on a long-term $820,000 loan made to Cogility. Otherwise, the Company&amp;#146;s efforts have been devoted primarily to raising capital, borrowing funds and attempting to enter into a reverse acquisition with an operating entity. On November 4, 2010 the Company entered into a letter of intent with Cogility and commenced taking such other action as required by such letter of intent as further described in Note 5.&lt;/p&gt; &lt;p style=&quot;LINE-HEIGHT:normal; MARGIN:0in 0in 0pt; TEXT-AUTOSPACE:; tab-stops:500.1pt&quot;&gt;&amp;nbsp;&lt;/p&gt; &lt;p style=&quot;TEXT-JUSTIFY:inter-ideograph; TEXT-ALIGN:justify; LINE-HEIGHT:normal; MARGIN:0in 0in 0pt; TEXT-AUTOSPACE:&quot;&gt;&lt;u style=&quot;text-underline:black&quot;&gt;Fair value of financial instruments&lt;/u&gt; &amp;#150; The carrying amounts reported in the balance sheets for accounts payable approximate fair value because of the immediate or short-term maturity of these financial instruments.&amp;nbsp;&amp;nbsp;The carrying amounts reported for current liabilities: notes payable &amp;#150; related parties, approximate fair value because the underlying instruments are at interest rates which approximate current market rates. Long-term liabilities are described in Note 7.&lt;/p&gt; &lt;p style=&quot;LINE-HEIGHT:normal; MARGIN:0in 0in 0pt; TEXT-AUTOSPACE:; tab-stops:500.1pt&quot;&gt;&amp;nbsp;&lt;/p&gt; &lt;p style=&quot;TEXT-JUSTIFY:inter-ideograph; TEXT-ALIGN:justify; LINE-HEIGHT:normal; MARGIN:0in 0in 0pt; TEXT-AUTOSPACE:&quot;&gt;&lt;u style=&quot;text-underline:black&quot;&gt;Basic and diluted loss per share&lt;/u&gt; &amp;#150; Basic loss per share is computed by dividing the net loss by the weighted average number of common shares outstanding during the period. Diluted loss per share is computed by dividing the net loss by the weighted average number of common shares outstanding and potential dilutive common shares. There were 12,600,000 stock options and 9,200,000 warrants outstanding at June 30, 2011 that are excluded from the three and six month calculation of diluted loss per share as their effect is anti-dilutive.&lt;/p&gt; &lt;p style=&quot;LINE-HEIGHT:normal; MARGIN:0in 0in 0pt; TEXT-AUTOSPACE:; tab-stops:500.1pt&quot;&gt;&amp;nbsp;&lt;/p&gt; &lt;p style=&quot;TEXT-JUSTIFY:inter-ideograph; TEXT-ALIGN:justify; LINE-HEIGHT:normal; MARGIN:0in 0in 0pt; TEXT-AUTOSPACE:&quot;&gt;&lt;u style=&quot;text-underline:black&quot;&gt;Business condition&lt;/u&gt; &amp;#150; The Company&amp;#146;s financial statements have been prepared using accounting principles applicable to a going concern, which contemplates the realization of assets and liquidation of liabilities in the normal course of business. For the six months ended June 30, 2011, the Company sustained a net loss of $468,012 and generated income only incidental to interest collected and accrued in the amount of $3,921 and $10,222, respectively, from a long-term note receivable from Cogility. At June 30, 2011 the Company had $3,356 in cash and current liabilities of $51,302. Loans from related parties and others have provided the needed capital for the Company to date; however, substantial doubt remains about the Company&amp;#146;s ability to continue as a going concern. The accompanying financial statements do not include any adjustments that might result from the outcome of this uncertainty. The Company&apos;s ability to meet its ongoing financial requirements is dependent on management being able to obtain additional equity and/or debt financing, the realization of which is not assured. In addition, the Company is dependent on management being willing to continue to serve without monetary remunerations. In addition, the Company has entered into substantial long-term indebtedness as a result of the long-term liabilities described in Note 7.&lt;/p&gt; &lt;p style=&quot;TEXT-JUSTIFY:inter-ideograph; TEXT-ALIGN:justify; LINE-HEIGHT:normal; MARGIN:0in 0in 0pt; TEXT-AUTOSPACE:&quot;&gt;&amp;nbsp;&lt;/p&gt; &lt;p style=&quot;TEXT-JUSTIFY:inter-ideograph; TEXT-ALIGN:justify; LINE-HEIGHT:normal; MARGIN:0in 0in 0pt; TEXT-AUTOSPACE:&quot;&gt;&lt;u style=&quot;text-underline:black&quot;&gt;Recently adopted accounting standards&lt;/u&gt; &amp;#150; Recent accounting standards that have been issued by the FASB (or rules and interpretive releases of the SEC) are not expected to have a material impact on the Company&amp;#146;s financial statements.&lt;/p&gt;</us-gaap:OrganizationConsolidationAndPresentationOfFinancialStatementsDisclosureAndSignificantAccountingPoliciesTextBlock>
	<fil:AqspPayrollTaxPenaltiesAndAccruedInterest unitRef='USD' contextRef='D040527_110630' decimals='INF'>-8787</fil:AqspPayrollTaxPenaltiesAndAccruedInterest>
	<us-gaap:PreferredStockParOrStatedValuePerShare unitRef='UsdPerShare' contextRef='E10' decimals='INF'>0.001</us-gaap:PreferredStockParOrStatedValuePerShare>
	<us-gaap:PreferredStockParOrStatedValuePerShare unitRef='UsdPerShare' contextRef='E11Q2' decimals='INF'>0.001</us-gaap:PreferredStockParOrStatedValuePerShare>
	<us-gaap:PreferredStockSharesAuthorized unitRef='Shares' contextRef='E10' decimals='INF'>10000000</us-gaap:PreferredStockSharesAuthorized>
	<us-gaap:PreferredStockSharesAuthorized unitRef='Shares' contextRef='E11Q2' decimals='INF'>10000000</us-gaap:PreferredStockSharesAuthorized>
	<us-gaap:PreferredStockSharesIssued unitRef='Shares' contextRef='E10' decimals='INF'>0</us-gaap:PreferredStockSharesIssued>
	<us-gaap:PreferredStockSharesIssued unitRef='Shares' contextRef='E11Q2' decimals='INF'>0</us-gaap:PreferredStockSharesIssued>
	<us-gaap:PreferredStockSharesOutstanding unitRef='Shares' contextRef='E10' decimals='INF'>0</us-gaap:PreferredStockSharesOutstanding>
	<us-gaap:PreferredStockSharesOutstanding unitRef='Shares' contextRef='E11Q2' decimals='INF'>0</us-gaap:PreferredStockSharesOutstanding>
	<us-gaap:IncreaseDecreaseInPrepaidExpense unitRef='USD' contextRef='D100101_100630' decimals='INF'>19</us-gaap:IncreaseDecreaseInPrepaidExpense>
	<us-gaap:ProceedsFromRepaymentsOfRelatedPartyDebt unitRef='USD' contextRef='D040527_110630' decimals='INF'>-99000</us-gaap:ProceedsFromRepaymentsOfRelatedPartyDebt>
	<us-gaap:ProceedsFromRepaymentsOfRelatedPartyDebt unitRef='USD' contextRef='D110101_110630' decimals='INF'>-4000</us-gaap:ProceedsFromRepaymentsOfRelatedPartyDebt>
	<us-gaap:ProceedsFromIssuanceOfCommonStock unitRef='USD' contextRef='D040527_110630' decimals='INF'>40000</us-gaap:ProceedsFromIssuanceOfCommonStock>
	<fil:AqspProceedsFromIssuanceOfNotesPayableAndWarrants unitRef='USD' contextRef='D040527_110630' decimals='INF'>520000</fil:AqspProceedsFromIssuanceOfNotesPayableAndWarrants>
	<fil:AqspProceedsFromIssuanceOfNotesPayableAndWarrants unitRef='USD' contextRef='D110101_110630' decimals='INF'>520000</fil:AqspProceedsFromIssuanceOfNotesPayableAndWarrants>
	<fil:AqspProceedsFromIssuanceOfNotesPayableAndWarrantsToRelatedParties unitRef='USD' contextRef='D040527_110630' decimals='INF'>400000</fil:AqspProceedsFromIssuanceOfNotesPayableAndWarrantsToRelatedParties>
	<fil:AqspProceedsFromIssuanceOfNotesPayableAndWarrantsToRelatedParties unitRef='USD' contextRef='D110101_110630' decimals='INF'>400000</fil:AqspProceedsFromIssuanceOfNotesPayableAndWarrantsToRelatedParties>
	<us-gaap:ProceedsFromRelatedPartyDebt unitRef='USD' contextRef='D040527_110630' decimals='INF'>239000</us-gaap:ProceedsFromRelatedPartyDebt>
	<us-gaap:ProceedsFromRelatedPartyDebt unitRef='USD' contextRef='D100101_100630' decimals='INF'>4000</us-gaap:ProceedsFromRelatedPartyDebt>
	<us-gaap:PaymentsForRepurchaseOfCommonStock unitRef='USD' contextRef='D040527_110630' decimals='INF'>-190</us-gaap:PaymentsForRepurchaseOfCommonStock>
	<us-gaap:RelatedPartyTransactionsDisclosureTextBlock contextRef='Y11Q2'>&lt;!--egx--&gt;&lt;p style=&quot;TEXT-JUSTIFY:inter-ideograph; TEXT-ALIGN:justify; LINE-HEIGHT:normal; MARGIN:0in 0in 0pt; TEXT-AUTOSPACE:&quot;&gt;&lt;b&gt;Note 3 &amp;#150; Related Party Transactions&lt;/b&gt;&lt;/p&gt; &lt;p style=&quot;LINE-HEIGHT:normal; MARGIN:0in 0in 0pt; TEXT-AUTOSPACE:; tab-stops:500.1pt&quot;&gt;&amp;nbsp;&lt;/p&gt; &lt;p style=&quot;TEXT-JUSTIFY:inter-ideograph; TEXT-ALIGN:justify; LINE-HEIGHT:normal; MARGIN:0in 0in 0pt; TEXT-AUTOSPACE:&quot;&gt;During January and November 2009, the Company issued demand promissory notes to the spouse of the Company&amp;#146;s sole officer and one of its directors in the amount of $10,000 and $10,000, respectively. These notes bear interest at 10% per annum and are unsecured. During the six months ended June 30, 2011 and 2010 the Company incurred interest expense and made cash payments for interest in the amounts of $992 and $992, respectively.&lt;/p&gt; &lt;p style=&quot;LINE-HEIGHT:normal; MARGIN:0in 0in 0pt; TEXT-AUTOSPACE:; tab-stops:500.1pt&quot;&gt;&amp;nbsp;&lt;/p&gt; &lt;p style=&quot;TEXT-JUSTIFY:inter-ideograph; TEXT-ALIGN:justify; LINE-HEIGHT:normal; MARGIN:0in 0in 0pt; TEXT-AUTOSPACE:&quot;&gt;During April 2010, the Company issued a demand promissory note to an entity related to its sole officer and one of its directors in the amount of $4,000. This note bears interest at 10% per annum and is unsecured. During the six months ended June 30, 2011, the Company incurred interest expense of $168 and made cash payments for interest in the same amount. On June 3, 2011 the loan was paid in full.&lt;/p&gt; &lt;p style=&quot;LINE-HEIGHT:normal; MARGIN:0in 0in 0pt; TEXT-AUTOSPACE:; tab-stops:500.1pt&quot;&gt;&amp;nbsp;&lt;/p&gt; &lt;p style=&quot;TEXT-JUSTIFY:inter-ideograph; TEXT-ALIGN:justify; LINE-HEIGHT:normal; MARGIN:0in 0in 0pt; TEXT-AUTOSPACE:&quot;&gt;On October 12, 2010, the Company issued a demand promissory note to an entity related to its sole officer and one of its directors in the amount of $20,000. This note bears interest at 10% per annum and is unsecured. During the six months ended June 30, 2011, the Company incurred interest expense of $992 and made cash payments for interest in the same amount.&lt;/p&gt; &lt;p style=&quot;LINE-HEIGHT:normal; MARGIN:0in 0in 0pt; TEXT-AUTOSPACE:; tab-stops:500.1pt&quot;&gt;&amp;nbsp;&lt;/p&gt; &lt;p style=&quot;TEXT-JUSTIFY:inter-ideograph; TEXT-ALIGN:justify; LINE-HEIGHT:normal; MARGIN:0in 0in 0pt; TEXT-AUTOSPACE:&quot;&gt;During the January and February of 2011, the Company entered into long-term notes payable in the amount of $400,000 with several entities and individuals related to the Company. These long-term notes bear interest at 3% per annum and are due December 31, 2014. During the six months ended June 30, 2011, the Company incurred interest expense of $4,675 and made cash payments for interest in the same amount. These long-term notes have been discounted on the Company&amp;#146;s financial statements as described in Note 7.&lt;/p&gt; &lt;p style=&quot;LINE-HEIGHT:normal; MARGIN:0in 0in 0pt; TEXT-AUTOSPACE:; tab-stops:500.1pt&quot;&gt;&amp;nbsp;&lt;/p&gt; &lt;p style=&quot;TEXT-JUSTIFY:inter-ideograph; TEXT-ALIGN:justify; LINE-HEIGHT:normal; MARGIN:0in 0in 0pt; TEXT-AUTOSPACE:&quot;&gt;During the six months ended June 30, 2011, the Company loaned $600,000 of cash to Cogility, assumed from Cogility a $200,000 note payable to an entity related to the sole officer of the Company and assigned and transferred to Cogility a $20,000 note receivable from Cortez Systems, all in exchange for $820,000 of promissory notes receivable from Cogility. The Cogility notes receivable bears interest at 5% per annum payable quarterly beginning June 30, 2011, are due December 31, 2014 and are secured by all of Cogility&apos;s assets.&amp;nbsp;&amp;nbsp;Included in interest income at June 30, 2011 was accrued and unpaid interest of $10,222.&lt;/p&gt; &lt;p style=&quot;LINE-HEIGHT:normal; MARGIN:0in 0in 0pt; TEXT-AUTOSPACE:; tab-stops:500.1pt&quot;&gt;&amp;nbsp;&lt;/p&gt; &lt;p style=&quot;TEXT-JUSTIFY:inter-ideograph; TEXT-ALIGN:justify; LINE-HEIGHT:normal; MARGIN:0in 0in 0pt; TEXT-AUTOSPACE:&quot;&gt;On June 15, 2011 the Company loaned an additional $25,000 of cash to Cogility for working capital needs.&amp;nbsp;&amp;nbsp;The loan is unsecured, due upon demand, and bears interest at 5% per annum.&amp;nbsp;&amp;nbsp;Included in interest income at June 30, 2011 was accrued and unpaid interest of $51.&lt;/p&gt;</us-gaap:RelatedPartyTransactionsDisclosureTextBlock>
	<us-gaap:ShareBasedCompensation unitRef='USD' contextRef='D040527_110630' decimals='INF'>698996</us-gaap:ShareBasedCompensation>
	<us-gaap:ShareBasedCompensation unitRef='USD' contextRef='D110101_110630' decimals='INF'>390209</us-gaap:ShareBasedCompensation>
	<fil:AqspStockOptions contextRef='Y11Q2'>&lt;!--egx--&gt;&lt;p style=&quot;TEXT-JUSTIFY:inter-ideograph; TEXT-ALIGN:justify; LINE-HEIGHT:normal; MARGIN:0in 0in 0pt; TEXT-AUTOSPACE:&quot;&gt;&amp;nbsp;&lt;/p&gt; &lt;p style=&quot;TEXT-JUSTIFY:inter-ideograph; TEXT-ALIGN:justify; LINE-HEIGHT:normal; MARGIN:0in 0in 0pt; TEXT-AUTOSPACE:&quot;&gt;&lt;b&gt;Note 6 &amp;#150; Stock Options&lt;/b&gt;&lt;/p&gt; &lt;p style=&quot;LINE-HEIGHT:normal; MARGIN:0in 0in 0pt; TEXT-AUTOSPACE:; tab-stops:500.1pt&quot;&gt;&amp;nbsp;&lt;/p&gt; &lt;p style=&quot;TEXT-JUSTIFY:inter-ideograph; TEXT-ALIGN:justify; LINE-HEIGHT:normal; MARGIN:0in 0in 0pt; TEXT-AUTOSPACE:&quot;&gt;In connection with the letter of intent described in Note 5, the Company issued to its director and sole officer and five of its non-officer directors on November 4, 2011, options to purchase an aggregate of 12,600,000 shares of its common stock at an exercise price of $0.10 per share.&lt;/p&gt; &lt;p style=&quot;LINE-HEIGHT:normal; MARGIN:0in 0in 0pt; TEXT-AUTOSPACE:; tab-stops:500.1pt&quot;&gt;&amp;nbsp;&lt;/p&gt; &lt;p style=&quot;TEXT-JUSTIFY:inter-ideograph; TEXT-ALIGN:justify; LINE-HEIGHT:normal; MARGIN:0in 0in 0pt; TEXT-AUTOSPACE:&quot;&gt;The total value of the options issued was determined to be $801,762 and charged general and administrative expense for the period ended December 31, 2010, in the amount of $308,787. The Company used an estimated merger date of April 1, 2011, at December 31, 2010 for the purpose of recognizing the related compensation expense for the period then ended. The risk-free interest rate represents the U.S. Treasury bill rate for the expected life of the related option. Forfeitures are estimated based on historical experience rates. At June 30, 2011, the Company reevaluated the estimated merger date and determined it to be September 15, 2011. As a result, for the three and six month periods ended June 30, 2011, the Company charged general and administrative expense in the amount of $121,357 and $390,209, respectively.&amp;nbsp;&amp;nbsp;There is $102,766 of unrecognized compensation expense related to stock options granted, which is expected to be recognized during the nine months ended September 30, 2011. There was no income tax benefit recognized for the three and six months ended June 30, 2011.&lt;/p&gt;</fil:AqspStockOptions>
	<us-gaap:StockholdersEquity unitRef='USD' contextRef='E10' decimals='INF'>-55907</us-gaap:StockholdersEquity>
	<us-gaap:StockholdersEquity unitRef='USD' contextRef='E11Q2' decimals='INF'>175293</us-gaap:StockholdersEquity>
	<fil:AqspWaiverOfTaxLiabilityPenalty unitRef='USD' contextRef='D040527_110630' decimals='INF'>-60364</fil:AqspWaiverOfTaxLiabilityPenalty>
	<fil:AqspWaiverOfTaxLiabilityPenaltyTextBlock contextRef='Y11Q2'>&lt;!--egx--&gt;&lt;p style=&quot;TEXT-JUSTIFY:inter-ideograph; TEXT-ALIGN:justify; LINE-HEIGHT:normal; MARGIN:0in 0in 0pt; TEXT-AUTOSPACE:&quot;&gt;&lt;b&gt;Note 4 &amp;#150; Waiver of Tax Liability Penalty&lt;/b&gt;&lt;/p&gt; &lt;p style=&quot;LINE-HEIGHT:normal; MARGIN:0in 0in 0pt; TEXT-AUTOSPACE:; tab-stops:500.1pt&quot;&gt;&amp;nbsp;&lt;/p&gt; &lt;p style=&quot;TEXT-JUSTIFY:inter-ideograph; TEXT-ALIGN:justify; LINE-HEIGHT:normal; MARGIN:0in 0in 0pt; TEXT-AUTOSPACE:&quot;&gt;During the period from December 31, 1998 through December 31, 1999, the business operated by the Company prior to becoming dormant withheld payroll taxes and incurred payroll tax obligations that were not paid to the United States Department of the Treasury, Internal Revenue Service (&amp;#147;IRS&amp;#148;) in a timely manner. Subsequently, these taxes were paid; however, penalties for the Company&amp;#146;s failure to make these payments in a timely manner were assessed, including interest on the penalties. The Company accrued interest on the unpaid penalties through December 31, 2006. In January 2007, the Company filed with the IRS a request for a compromise and settlement with respect to these outstanding obligations, which was accepted in September 2007. As a result, the Company paid $12,000 to extinguish the liability, $2,838 for legal and filing fees, and $60,364 was recognized as income.&lt;/p&gt;</fil:AqspWaiverOfTaxLiabilityPenaltyTextBlock>
	<us-gaap:WeightedAverageNumberOfSharesOutstandingBasic unitRef='Shares' contextRef='D100101_100630' decimals='INF'>5832482</us-gaap:WeightedAverageNumberOfSharesOutstandingBasic>
	<us-gaap:WeightedAverageNumberOfSharesOutstandingBasic unitRef='Shares' contextRef='D110101_110630' decimals='INF'>5832482</us-gaap:WeightedAverageNumberOfSharesOutstandingBasic>
	<us-gaap:WeightedAverageNumberOfSharesOutstandingBasic unitRef='Shares' contextRef='Y10Q2' decimals='INF'>5832482</us-gaap:WeightedAverageNumberOfSharesOutstandingBasic>
	<us-gaap:WeightedAverageNumberOfSharesOutstandingBasic unitRef='Shares' contextRef='Y11Q2' decimals='INF'>5832482</us-gaap:WeightedAverageNumberOfSharesOutstandingBasic>
	<context id='Y11Q2'>
		<entity>
			<identifier scheme='http://www.sec.gov/CIK'>0001391135</identifier>
		</entity>
		<period>
			<startDate>2011-04-01</startDate>
			<endDate>2011-06-30</endDate>
		</period>
	</context>
	<context id='E11Q2'>
		<entity>
			<identifier scheme='http://www.sec.gov/CIK'>0001391135</identifier>
		</entity>
		<period>
			<instant>2011-06-30</instant>
		</period>
	</context>
	<context id='E10'>
		<entity>
			<identifier scheme='http://www.sec.gov/CIK'>0001391135</identifier>
		</entity>
		<period>
			<instant>2010-12-31</instant>
		</period>
	</context>
	<context id='Y10Q2'>
		<entity>
			<identifier scheme='http://www.sec.gov/CIK'>0001391135</identifier>
		</entity>
		<period>
			<startDate>2010-04-01</startDate>
			<endDate>2010-06-30</endDate>
		</period>
	</context>
	<context id='D110101_110630'>
		<entity>
			<identifier scheme='http://www.sec.gov/CIK'>0001391135</identifier>
		</entity>
		<period>
			<startDate>2011-01-01</startDate>
			<endDate>2011-06-30</endDate>
		</period>
	</context>
	<context id='D100101_100630'>
		<entity>
			<identifier scheme='http://www.sec.gov/CIK'>0001391135</identifier>
		</entity>
		<period>
			<startDate>2010-01-01</startDate>
			<endDate>2010-06-30</endDate>
		</period>
	</context>
	<context id='D040527_110630'>
		<entity>
			<identifier scheme='http://www.sec.gov/CIK'>0001391135</identifier>
		</entity>
		<period>
			<startDate>2004-05-27</startDate>
			<endDate>2011-06-30</endDate>
		</period>
	</context>
	<context id='E09'>
		<entity>
			<identifier scheme='http://www.sec.gov/CIK'>0001391135</identifier>
		</entity>
		<period>
			<instant>2009-12-31</instant>
		</period>
	</context>
	<context id='E10Q2'>
		<entity>
			<identifier scheme='http://www.sec.gov/CIK'>0001391135</identifier>
		</entity>
		<period>
			<instant>2010-06-30</instant>
		</period>
	</context>
	<context id='I110811'>
		<entity>
			<identifier scheme='http://www.sec.gov/CIK'>0001391135</identifier>
		</entity>
		<period>
			<instant>2011-08-11</instant>
		</period>
	</context>
	<unit id='USD'>
		<measure>iso4217:USD</measure>
	</unit>
	<unit id='Shares'>
		<measure>shares</measure>
	</unit>
	<unit id='UsdPerShare'>
		<divide>
			<unitNumerator>
				<measure>iso4217:USD</measure>
			</unitNumerator>
			<unitDenominator>
				<measure>shares</measure>
			</unitDenominator>
		</divide>
	</unit>
</xbrl>
