<?xml version='1.0' encoding='ISO-8859-1' ?>

<WebWorksHelpTOC version="4.0">
 <i t="Preface" l="1">
  <i t="Cogility Studio documentation" l="2" />
 </i>
 <i t="Cogility Manager" l="3">
  <i t="Execution tools" l="4" />
 </i>
 <i t="Configuration" l="5">
  <i t="Configuration files" l="6" />
  <i t="Customizing installation configuration" l="7" />
  <i t="Project configuration" l="8">
   <i t="Project code libraries" l="8#wp1019327" />
   <i t="Project configuration libraries" l="8#wp1005043" />
   <i t="Project action semantics files" l="8#wp1003670" />
   <i t="Project batch scripts" l="8#wp1003672" />
  </i>
  <i t="Run-time configuration" l="9">
   <i t="Debugging configuration options" l="9#wp1005283">
    <i t="Action semantics debugging" l="9#wp1018752" />
    <i t="State machine debugging" l="9#wp1005988" />
    <i t="JMS message debugging" l="9#wp1005992" />
    <i t="Web service debugging" l="9#wp1005996" />
   </i>
   <i t="Run-time configuration options" l="9#wp1009269" />
   <i t="PEAR connection pooling" l="9#wp1006566" />
   <i t="Sequenceable attribute settings" l="9#wp1009522">
    <i t="Global sequenceable attribute settings" l="9#wp1009672" />
    <i t="Business object-specific sequences" l="9#wp1009691" />
   </i>
  </i>
  <i t="Configuration parameter testing" l="10" />
  <i t="Accessing configuration parameters in action semantics" l="11" />
  <i t="Custom web applications" l="12" />
 </i>
 <i t="Iterative Development" l="13">
  <i t="Push modes" l="14">
   <i t="Full model push" l="14#wp1004014" />
   <i t="Incremental push" l="14#wp1004038" />
   <i t="Schema only push" l="14#wp1004064">
    <i t="Pushing the business object schema only" l="14#wp1004069" />
   </i>
   <i t="Application server only push" l="14#wp1004112">
    <i t="Forcing application server artifacts push" l="14#wp1011935" />
    <i t="Pushing application server artifacts only" l="14#wp1004114" />
   </i>
   <i t="Database only push" l="14#wp1011775">
    <i t="Pushing to the database only" l="14#wp1011777" />
   </i>
   <i t="Single artifact push" l="14#wp1004220">
    <i t="Pushing a single artifact" l="14#wp1004242" />
   </i>
  </i>
  <i t="Non-additive schema updates" l="15">
   <i t="Force action semantics recompilation" l="15#wp1005309" />
   <i t="Persistent schema update" l="15#wp1011974">
    <i t="Removing an attribute" l="15#wp1006039" />
    <i t="Renaming an attribute" l="15#wp1006248" />
    <i t="Removing an association" l="15#wp1006052" />
    <i t="Replacing an association with an association class" l="15#wp1006057" />
   </i>
  </i>
  <i t="Dynamic execution model update" l="16">
   <i t="Refresh PEAR connections" l="16#wp1007193">
    <i t="Refreshing PEAR connections" l="16#wp1007068" />
   </i>
   <i t="Refresh PEAR cache" l="16#wp1006885">
    <i t="Flushing the PEAR cache" l="16#wp1007135" />
   </i>
   <i t="Configuration" l="16#wp1010251">
    <i t="Reload configuration message" l="16#wp1006912" />
   </i>
  </i>
  <i t="Executable model verification" l="17">
   <i t="Deployed model comparison report" l="17#wp1007330">
    <i t="Generating the deployed model comparison report" l="17#wp1003812" />
   </i>
   <i t="Deployment history" l="17#wp1003954" />
  </i>
 </i>
 <i t="Audit and Debug" l="18">
  <i t="Web service auditing" l="19">
   <i t="Outbound web service audit data" l="19#wp1003764" />
   <i t="Inbound web service audit data" l="19#wp1003857" />
   <i t="User defined data" l="19#wp1003963" />
   <i t="Fixed endpoint webservice audit data" l="19#wp1003994" />
  </i>
  <i t="Completed state machines" l="20">
   <i t="Deleting completed state machines" l="20#wp1005257" />
  </i>
 </i>
 <i t="Scaling Your Installation" l="21">
  <i t="Migrating and upgrading multiple application servers" l="22" />
 </i>
 <i t="Project Configuration Editor" l="23">
  <i t="Running Cogility Project Configuration Editor" l="24" />
  <i t="Projects" l="25">
   <i t="Creating a new project" l="25#wp1012915" />
   <i t="Removing projects" l="25#wp1009518" />
   <i t="Restoring projects" l="25#wp1023681" />
   <i t="Renaming projects" l="25#wp1013188" />
   <i t="Active project" l="25#wp1009573">
    <i t="Activating a project" l="25#wp1009575" />
   </i>
   <i t="Rewriting configuration artifacts" l="25#wp1009644" />
   <i t="Scanning for project files for changes" l="25#wp1003782" />
   <i t="Reporting project file import locations" l="25#wp1010307" />
   <i t="Refreshing all imports" l="25#wp1003817" />
   <i t="Action semantics batch files" l="25#wp1009801">
    <i t="Creating action semantics script batch files" l="25#wp1009842" />
    <i t="Creating script batch files that publish JMS messages" l="25#wp1010260" />
   </i>
   <i t="Defining the preferred JDBC Driver" l="25#wp1013374" />
  </i>
  <i t="Classpath" l="26">
   <i t="JAR files" l="26#wp1010009">
    <i t="Importing JAR files" l="26#wp1002856" />
   </i>
   <i t="Source trees" l="26#wp1010039">
    <i t="Importing source trees" l="26#wp1002877" />
   </i>
   <i t="Deleting entities" l="26#wp1004032" />
   <i t="Refreshing code" l="26#wp1004101" />
   <i t="Changing the classpath root" l="26#wp1004175" />
  </i>
  <i t="Configuration files" l="27">
   <i t="Importing configuration files" l="27#wp1002868" />
   <i t="Deleting configuration files" l="27#wp1003553" />
   <i t="Refreshing configuration files" l="27#wp1003566" />
  </i>
 </i>
 <i t="Remote Deployment" l="28">
  <i t="Deploying to a remote server" l="29" />
  <i t="Application Server Variables" l="30" />
  <i t="Project for the deployed model" l="31">
   <i t="Creating and activating a project" l="31#wp1007063" />
  </i>
  <i t="Hosts file" l="32" />
  <i t="Configuration files" l="33">
   <i t="On the Target AppServer Machine" l="33#wp1007086">
    <i t="Custom configurations" l="33#wp1007088" />
    <i t="Project configurations" l="33#wp1010520" />
    <i t="Multiple application server environments" l="33#wp1007100" />
   </i>
  </i>
  <i t="Remote deployment server artifact" l="34">
   <i t="Defining the WebSphere 6.1 application server artifact" l="34#wp1007116" />
   <i t="Defining the Oracle application server artifact" l="34#wp1007190" />
   <i t="Defining the WebLogic application server artifact" l="34#wp1007214" />
  </i>
  <i t="Database artifact" l="35">
   <i t="Defining the database artifact" l="35#wp1007247" />
   <i t="Testing the database connection" l="35#wp1007264" />
  </i>
  <i t="Remote execution" l="36" />
 </i>
 <i t="Cogility Action Pad" l="37">
  <i t="Running Cogility Action Pad" l="38" />
  <i t="Action pad files" l="39">
   <i t="Creating a temp pad" l="39#wp1004909" />
   <i t="Renaming a TempPad" l="39#wp1004973" />
   <i t="Saving to a new location" l="39#wp1004940" />
   <i t="Saving existing FilePads" l="39#wp1005942" />
   <i t="Opening FilePads" l="39#wp1005900" />
   <i t="Printing an action pad" l="39#wp1004960" />
   <i t="Closing an action pad" l="39#wp1006195" />
  </i>
  <i t="Action pad editing" l="40">
   <i t="Basic editing" l="40#wp1006266" />
   <i t="Syntax errors" l="40#wp1006319" />
   <i t="Line wrapping" l="40#wp1025527" />
   <i t="Revert" l="40#wp1006391">
    <i t="Reverting to Last Opened/Saved" l="40#wp1006417" />
    <i t="Reverting to Last Verified" l="40#wp1006466" />
   </i>
   <i t="Syntax verification" l="40#wp1004935">
    <i t="Verifying syntax" l="40#wp1006500" />
   </i>
   <i t="Console view editing functions" l="40#wp1006532">
    <i t="Clearing the console" l="40#wp1006547" />
   </i>
  </i>
  <i t="Action pad execution" l="41">
   <i t="Model configuration" l="41#wp1008978">
    <i t="Reloading configuration parameters in the application server" l="41#wp1009249" />
    <i t="Reloading configuration parameters" l="41#wp1009265" />
   </i>
   <i t="Model metadata" l="41#wp1009169">
    <i t="Reloading model metadata" l="41#wp1009019" />
    <i t="Reloading model metadata in the application server" l="41#wp1009542" />
   </i>
   <i t="Options" l="41#wp1009012" />
   <i t="Help" l="41#wp1006952">
    <i t="Viewing the current model" l="41#wp1008063" />
    <i t="Viewing the workspace filename" l="41#wp1008091" />
   </i>
   <i t="Running action semantics in an action pad" l="41#wp1008055" />
   <i t="Running selected actions" l="41#wp1006573" />
   <i t="Running selected actions to inspect" l="41#wp1006578" />
   <i t="Running select actions to print" l="41#wp1006583" />
   <i t="History comments" l="41#wp1009636">
    <i t="Setting the history comment user name" l="41#wp1009660" />
    <i t="Setting the history comment tracking reference" l="41#wp1009676" />
   </i>
   <i t="Message Viewer" l="41#wp1027756">
    <i t="Running Cogility Message Traffic Viewer" l="41#wp1009716" />
   </i>
  </i>
  <i t="Configuration" l="42">
   <i t="Window Size" l="42#wp1001304" />
   <i t="Window Location" l="42#wp1007015" />
   <i t="Default Directory" l="42#wp1007103" />
   <i t="Default Extension" l="42#wp1001318" />
  </i>
  <i t="Common usage scenarios" l="43" />
 </i>
 <i t="Deployment Tool" l="44">
  <i t="Run_DeploymentTool.bat" l="45" />
  <i t="Deployment Tool Scripting Syntax" l="46">
   <i t="DefineLogFile statement" l="46#wp1153278" />
   <i t="SetRepository statement" l="46#wp1153286" />
   <i t="LoadNewRepository statement" l="46#wp1153298" />
   <i t="Import statement" l="46#wp1153302" />
   <i t="TurnOverDeploymentModel statement" l="46#wp1153310" />
   <i t="PlaceModelUnderCM statement" l="46#wp1153317" />
   <i t="Push statement" l="46#wp1153325" />
   <i t="ExportMapOfTableNames statement" l="46#wp1153338" />
   <i t="ExitModeler statement" l="46#wp1153344" />
   <i t="Comment lines" l="46#wp1153348" />
   <i t="Spaces in a &lt;FileSpec&gt;" l="46#wp1153352" />
   <i t="Blank lines" l="46#wp1153354" />
   <i t="Whitespace" l="46#wp1153356" />
  </i>
  <i t="Examples of scripts" l="47" />
 </i>
 <i t="Cogility Insight" l="48">
  <i t="Running Cogility Insight" l="49" />
  <i t="Cogility Insight Menu Tree" l="50" />
  <i t="Home" l="51" />
  <i t="Preferences" l="52">
   <i t="Setting preferences" l="52#wp1031348" />
  </i>
  <i t="Execute" l="53">
   <i t="Cogility Functions" l="53#wp1086586" />
   <i t="Cogility Webservices" l="53#wp1087340">
    <i t="Executing web services" l="53#wp1087477" />
   </i>
  </i>
  <i t="Manage" l="54">
   <i t="Behavior Definitions" l="54#wp1031423" />
   <i t="Behavior Runtime Instances" l="54#wp1078641" />
   <i t="Current User Profile" l="54#wp1087733" />
   <i t="Insight Groups" l="54#wp1089647" />
   <i t="Insight Roles" l="54#wp1103428" />
   <i t="Insight Users" l="54#wp1089706" />
   <i t="Logging, Tracing, &amp; Configurations" l="54#wp1087760" />
   <i t="Monitor Services" l="54#wp1092125" />
   <i t="Scheduled Activities" l="54#wp1047532">
    <i t="Activating Scheduling" l="54#wp1093983" />
    <i t="Non-Repeating Scheduled Activities" l="54#wp1047548" />
    <i t="Repeating Scheduled Activities" l="54#wp1047604" />
    <i t="Scheduling Programmatically" l="54#wp1093640" />
    <i t="Scheduler Logging" l="54#wp1047774" />
    <i t="In-Progress activities" l="54#wp1074045" />
   </i>
  </i>
  <i t="View" l="55">
   <i t="Authoring IDs" l="55#wp1045490" />
   <i t="Business objects" l="55#wp1095806" />
   <i t="Business Activity Monitoring" l="55#wp1098658" />
   <i t="Deployment History and Artifacts" l="55#wp1098615" />
   <i t="IWS Deployments" l="55#wp1033184" />
   <i t="State Definitions" l="55#wp1097056" />
   <i t="State Runtime Instances" l="55#wp1097307" />
   <i t="Timeout Event Instances" l="55#wp1097404" />
  </i>
 </i>
 <i t="JMS Message Utilities" l="56">
  <i t="Message Traffic Viewer" l="57">
   <i t="Running Cogility Message Traffic Viewer" l="57#wp1022110" />
   <i t="Loading message definitions" l="57#wp1016788" />
   <i t="Inspecting messages" l="57#wp1017350" />
   <i t="Saving message files" l="57#wp1017373" />
   <i t="Publishing messages" l="57#wp1016795" />
   <i t="Subscribing to messages" l="57#wp1016802" />
   <i t="Removing messages" l="57#wp1017338" />
  </i>
  <i t="Message Editor" l="58">
   <i t="Opening and closing message files" l="58#wp1016868" />
   <i t="Creating message files" l="58#wp1016907" />
   <i t="Creating and removing messages" l="58#wp1016964">
    <i t="Fields" l="58#wp1017023" />
    <i t="Subject" l="58#wp1017030" />
   </i>
   <i t="Editing message data" l="58#wp1019426" />
  </i>
  <i t="Viewing the model metadata" l="59" />
 </i>
 <i t="Cogility Web Service Exerciser" l="60">
  <i t="Running Cogility Web Service Exerciser" l="61" />
  <i t="Importing an inbound web service" l="62" />
  <i t="Running a web service" l="63" />
  <i t="Saving a web service as a file" l="64" />
  <i t="Loading an outbound web service" l="65">
   <i t="Importing a WSDL from a URL" l="65#wp1001041" />
   <i t="Importing a WSDL from a file" l="65#wp1001057" />
   <i t="Manually loading an outbound web service definition" l="65#wp1001068" />
   <i t="Loading from a deployed model" l="65#wp1001106" />
  </i>
  <i t="Viewing the model metadata" l="66" />
 </i>
 <i t="Cogility WatchDog" l="67">
  <i t="Managing time events" l="68" />
  <i t="Managing time events on multiple application servers" l="69" />
 </i>
</WebWorksHelpTOC>
