<?xml version='1.0' encoding='UTF-8'?>
<WebWorksHelpMasterCollection name="yourMasterBookName" version="4.0">
  <Books>
    <WebWorksHelpBookRef subdir="Action Semantics" encoding="ISO-8859-1" />
    <WebWorksHelpBookRef subdir="Change Management" encoding="ISO-8859-1" />
    <WebWorksHelpBookRef subdir="Getting_Started" encoding="ISO-8859-1" />
    <WebWorksHelpBookRef subdir="Installation" encoding="ISO-8859-1" />
    <WebWorksHelpBookRef subdir="Model Deployment and Execution in Cogility Studio" encoding="ISO-8859-1" />
    <WebWorksHelpBookRef subdir="Modeling with Cogility Studio" encoding="ISO-8859-1" />
    <WebWorksHelpBookRef subdir="Tutorial" encoding="ISO-8859-1" />
  </Books>
</WebWorksHelpMasterCollection>
