<?xml version='1.0' encoding='ISO-8859-1' ?>

<WebWorksHelpIX version="4.0">
 <g t="A" o="002">
  <i t="active project">
   <j l="6#wp1004659" />
  </i>
  <i t="Authoring repository">
   <j l="7" />
  </i>
 </g>
 <g t="B" o="002">
  <i t="basic project">
   <j l="6#wp1004659" />
   <j l="6#wp1004573" />
  </i>
  <i t="Behavior model">
   <j l="11" />
  </i>
  <i t="business processes">
   <j l="11#wp1005874" />
  </i>
 </g>
 <g t="C" o="002">
  <i t="Class associations">
   <j l="10#wp1005691" />
  </i>
  <i t="Class attributes">
   <j l="10#wp1005200" />
  </i>
  <i t="Class diagrams">
   <j l="10#wp1005179" />
  </i>
  <i t="Cogility Message Traffic Viewer">
   <j l="22#wp1006603" />
  </i>
  <i t="Cogility WatchDog">
   <j l="24#wp1006730" />
  </i>
  <i t="Cogility Web Service Exerciser">
   <j l="23#wp1006654" />
  </i>
 </g>
 <g t="D" o="002">
  <i t="Deployment">
   <j l="18" />
  </i>
 </g>
 <g t="E" o="002">
  <i t="Events">
   <j l="12" />
  </i>
 </g>
 <g t="I" o="002">
  <i t="Information model">
   <j l="10" />
  </i>
  <i t="initiate the business process">
   <j l="12#wp1006542" />
  </i>
  <i t="install Cogility Studio">
   <j l="5#wp1003642" />
  </i>
 </g>
 <g t="M" o="002">
  <i t="Message artifacts">
   <j l="13#wp1006336" />
  </i>
  <i t="MIM class">
   <j l="10#wp1005146" />
  </i>
  <i t="Model container">
   <j l="9" />
  </i>
 </g>
 <g t="O" o="002">
  <i t="outbound web service">
   <j l="14#wp1006391" />
  </i>
 </g>
 <g t="P" o="002">
  <i t="Project configuration">
   <j l="6" />
  </i>
  <i t="project-specific configuration file">
   <j l="6#wp1004659" />
  </i>
 </g>
 <g t="S" o="002">
  <i t="set up Cogility Studio">
   <j l="4#wp1003308" />
  </i>
  <i t="state machine">
   <j l="16#wp1006338" />
  </i>
 </g>
 <g t="T" o="002">
  <i t="Transformations">
   <j l="15" />
  </i>
 </g>
</WebWorksHelpIX>
