<?xml version='1.0' encoding='ISO-8859-1' ?>

<WebWorksHelpIX version="4.0">
 <g t="A" o="002">
  <i t="application servers supported">
   <j l="5#wp999504" />
  </i>
  <i t="authoring repository">
   <j l="8" />
   <j l="8#wp1004049" />
  </i>
 </g>
 <g t="B" o="002">
  <i t="BEA WebLogic configuration">
   <j l="12#wp1031677" />
  </i>
 </g>
 <g t="D" o="002">
  <i t="databases supported">
   <j l="5#wp999475" />
  </i>
 </g>
 <g t="H" o="002">
  <i t="hardware requirements">
   <j l="4" />
  </i>
 </g>
 <g t="I" o="002">
  <i t="IBM WebSphere configuration">
   <j l="13" />
  </i>
  <i t="installing Cogility Studio">
   <j l="6" />
  </i>
 </g>
 <g t="O" o="002">
  <i t="operating systems supported">
   <j l="5#wp999470" />
  </i>
 </g>
 <g t="P" o="002">
  <i t="persistent repository, creating">
   <j l="8" />
  </i>
 </g>
 <g t="R" o="002">
  <i t="repository">
   <i t="authoring">
    <j l="8#wp1004049" />
   </i>
   <i t="authoring vs. run time">
    <j l="8" />
   </i>
  </i>
 </g>
 <g t="S" o="002">
  <i t="software requirements">
   <j l="5" />
  </i>
 </g>
 <g t="U" o="002">
  <i t="uninstalling Cogility Studio">
   <j l="10" />
  </i>
 </g>
 <g t="W" o="002">
  <i t="WebLogic configuration">
   <j l="12#wp1031677" />
  </i>
  <i t="WebSphere configuration">
   <j l="13" />
  </i>
 </g>
</WebWorksHelpIX>
