<?xml version='1.0' encoding='ISO-8859-1' ?>

<!--
The "name" attribute below specifies the name of the book.  This
name appears both in the table of contents and in the search scope
popup menu.  This attribute is required.

The "context" attribute below specifies an alternate name of the book
and is only necessary when combining books for use with your
application's context-sensitive help. You can put any value you desire
here but it must contain only the characters "A-Z", "a-z", "0-9", or "_".
This attribute is optional.

The "toc" attribute specifies the relative filename of the XML file
that specifies the TOC structure for this book.  This attribute is
optional.

The "ix" attribute specifies the relative filename of the XML file
that specifies the index structure for this book.  This attribute
is optional.

The "search" attribute specifies the relative filename of the XML
file that will be generated by wwhelpix at the end of the conversion
process.  This attribute is optional.

The "version" attribute specifies what format version the file is 
described in and should always be "4.0".  This attribute is required.

The "locale" attribute specifies the native language/locale for
this book.  Currently valid values are en=English, fr=French, and
de=German.  To ensure that proper word breaking rules are followed,
this attribute must be set correctly.  This attribute is optional.
-->

<WebWorksHelpBook name="Model Deployment and Execution in Cogility Studio" context="Model_Deployment_and_Execution_in_Cogility_Studio" toc="toc.xml" ix="ix.xml" search="search.xml" version="4.0" encoding="ISO-8859-1" locale="en_US">

  <!-- 
  The following CommonWordsToSkip block allows you to define what
  words will be omitted from the generated full text search index.
  We have provided a list of low information words that are common
  in English as a starting point.  However, if you are processing
  documents in a different language, you will need to adjust the
  words accordingly.

  The "minlen" attribute specifies the minimum length of word to
  include in the full text search index.  Words that are fewer
  characters in length than this value will automatically be
  omitted from the search database, and need not be explicitly
  listed inside this block.  The default value of 3 seems to work
  well for English.  A value of 1 may be needed for CJK languages
  where one character can represent a whole word or concept.
  -->

  <CommonWordsToSkip minlen="2">
    a
    about
    after
    all
    also
    am
    an
    and
    another
    any
    are
    as
    at
    be
    because
    been
    before
    being
    between
    both
    but
    by
    came
    can
    come
    copyright
    corp
    corporation
    could
    did
    do
    does
    each
    etc
    for
    from
    get
    goes
    got
    had
    has
    have
    he
    her
    here
    him
    himself
    his
    how
    if
    in
    inc
    into
    is
    it
    its
    let
    like
    make
    many
    me
    might
    more
    most
    much
    must
    my
    never
    nor
    not
    now
    of
    off
    on
    one
    only
    or
    other
    our
    out
    over
    own
    reserved
    rights
    said
    same
    see
    set
    shall
    she
    should
    since
    so
    some
    still
    such
    take
    than
    that
    the
    their
    them
    then
    there
    these
    they
    this
    those
    though
    through
    to
    too
    under
    us
    use
    very
    was
    way
    we
    well
    were
    what
    when
    where
    which
    while
    who
    why
    will
    with
    would
    yes
    yet
    you
    your
  </CommonWordsToSkip>

  <!--
  The ScoringPrefs block allows you to control how search terms
  are scored by assigning different relative weights based on
  where a word occurs inside each document.  Three common
  META tags are supported by default, but this may be extended
  to custom META tags as follows (for a tag called partnum):

    <meta name="partnum" weight="100">

  For information on setting/creating META tags from within
  WebWorks Publisher, please see the online documentation.

  Note, that words occurring in elements not explicitly declared
  below will by default be scored with a weight of one.
  -->
  
  <ScoringPrefs>
    <meta name="keywords" weight="100"/>
    <meta name="description" weight="50"/>
    <meta name="summary" weight="50"/>
    <title weight="20"/>
    <h1 weight="15"/>
    <h2 weight="10"/>
    <caption weight="10"/>
    <h3 weight="7"/>
    <th weight="5"/>
    <h4 weight="5"/>
    <h5 weight="4"/>
    <h6 weight="3"/>
    <h7 weight="2"/>
  </ScoringPrefs>

  <!--
  The DocumentInfo block specifies the title and filename for
  each generated page in the book (excluding TOC and IX).
  -->

  <DocumentInfo>
    <Document title="Model Deployment  &amp; Execution  in Cogility Studio" href="Model%20Deployment%20and%20Execution%20in%20Cogility%20Studio-01-1.html" />
    <Document title="Preface" href="Model%20Deployment%20and%20Execution%20in%20Cogility%20Studio-02-1.html" />
    <Document title="Cogility Studio documentation" href="Model%20Deployment%20and%20Execution%20in%20Cogility%20Studio-02-2.html" />
    <Document title="Cogility Manager" href="Model%20Deployment%20and%20Execution%20in%20Cogility%20Studio-03-1.html" />
    <Document title="Execution tools" href="Model%20Deployment%20and%20Execution%20in%20Cogility%20Studio-03-2.html" />
    <Document title="Configuration" href="Model%20Deployment%20and%20Execution%20in%20Cogility%20Studio-04-1.html" />
    <Document title="Configuration files" href="Model%20Deployment%20and%20Execution%20in%20Cogility%20Studio-04-2.html" />
    <Document title="Customizing installation configuration" href="Model%20Deployment%20and%20Execution%20in%20Cogility%20Studio-04-3.html" />
    <Document title="Project configuration" href="Model%20Deployment%20and%20Execution%20in%20Cogility%20Studio-04-4.html" />
    <Document title="Run-time configuration" href="Model%20Deployment%20and%20Execution%20in%20Cogility%20Studio-04-5.html" />
    <Document title="Configuration parameter testing" href="Model%20Deployment%20and%20Execution%20in%20Cogility%20Studio-04-6.html" />
    <Document title="Accessing configuration parameters in action semantics" href="Model%20Deployment%20and%20Execution%20in%20Cogility%20Studio-04-7.html" />
    <Document title="Passwords in Configuration Parameters" href="Model%20Deployment%20and%20Execution%20in%20Cogility%20Studio-04-8.html" />
    <Document title="Custom web applications" href="Model%20Deployment%20and%20Execution%20in%20Cogility%20Studio-04-9.html" />
    <Document title="Iterative Development" href="Model%20Deployment%20and%20Execution%20in%20Cogility%20Studio-05-1.html" />
    <Document title="Push modes" href="Model%20Deployment%20and%20Execution%20in%20Cogility%20Studio-05-2.html" />
    <Document title="Non-additive schema updates" href="Model%20Deployment%20and%20Execution%20in%20Cogility%20Studio-05-3.html" />
    <Document title="Dynamic execution model update" href="Model%20Deployment%20and%20Execution%20in%20Cogility%20Studio-05-4.html" />
    <Document title="Executable model verification" href="Model%20Deployment%20and%20Execution%20in%20Cogility%20Studio-05-5.html" />
    <Document title="Audit and Debug" href="Model%20Deployment%20and%20Execution%20in%20Cogility%20Studio-06-1.html" />
    <Document title="Web service auditing" href="Model%20Deployment%20and%20Execution%20in%20Cogility%20Studio-06-2.html" />
    <Document title="Completed state machines" href="Model%20Deployment%20and%20Execution%20in%20Cogility%20Studio-06-3.html" />
    <Document title="Scaling Your Installation" href="Model%20Deployment%20and%20Execution%20in%20Cogility%20Studio-07-1.html" />
    <Document title="Migrating and upgrading multiple application servers" href="Model%20Deployment%20and%20Execution%20in%20Cogility%20Studio-07-2.html" />
    <Document title="Project Configuration Editor" href="Model%20Deployment%20and%20Execution%20in%20Cogility%20Studio-08-1.html" />
    <Document title="Running Cogility Project Configuration Editor" href="Model%20Deployment%20and%20Execution%20in%20Cogility%20Studio-08-2.html" />
    <Document title="Projects" href="Model%20Deployment%20and%20Execution%20in%20Cogility%20Studio-08-3.html" />
    <Document title="Project Classpath Entries" href="Model%20Deployment%20and%20Execution%20in%20Cogility%20Studio-08-4.html" />
    <Document title="Configuration files" href="Model%20Deployment%20and%20Execution%20in%20Cogility%20Studio-08-5.html" />
    <Document title="Editor Menus" href="Model%20Deployment%20and%20Execution%20in%20Cogility%20Studio-08-6.html" />
    <Document title="Remote Deployment" href="Model%20Deployment%20and%20Execution%20in%20Cogility%20Studio-09-1.html" />
    <Document title="Deploying to a remote server" href="Model%20Deployment%20and%20Execution%20in%20Cogility%20Studio-09-2.html" />
    <Document title="Application Server Variables" href="Model%20Deployment%20and%20Execution%20in%20Cogility%20Studio-09-3.html" />
    <Document title="Project for the deployed model" href="Model%20Deployment%20and%20Execution%20in%20Cogility%20Studio-09-4.html" />
    <Document title="Hosts file" href="Model%20Deployment%20and%20Execution%20in%20Cogility%20Studio-09-5.html" />
    <Document title="Configuration files" href="Model%20Deployment%20and%20Execution%20in%20Cogility%20Studio-09-6.html" />
    <Document title="Remote deployment server artifact" href="Model%20Deployment%20and%20Execution%20in%20Cogility%20Studio-09-7.html" />
    <Document title="Database artifact" href="Model%20Deployment%20and%20Execution%20in%20Cogility%20Studio-09-8.html" />
    <Document title="Remote execution" href="Model%20Deployment%20and%20Execution%20in%20Cogility%20Studio-09-9.html" />
    <Document title="Cogility Action Pad" href="Model%20Deployment%20and%20Execution%20in%20Cogility%20Studio-10-1.html" />
    <Document title="Running Cogility Action Pad" href="Model%20Deployment%20and%20Execution%20in%20Cogility%20Studio-10-2.html" />
    <Document title="Action pad files" href="Model%20Deployment%20and%20Execution%20in%20Cogility%20Studio-10-3.html" />
    <Document title="Action pad editing" href="Model%20Deployment%20and%20Execution%20in%20Cogility%20Studio-10-4.html" />
    <Document title="Action pad execution" href="Model%20Deployment%20and%20Execution%20in%20Cogility%20Studio-10-5.html" />
    <Document title="Configuration" href="Model%20Deployment%20and%20Execution%20in%20Cogility%20Studio-10-6.html" />
    <Document title="Common usage scenarios" href="Model%20Deployment%20and%20Execution%20in%20Cogility%20Studio-10-7.html" />
    <Document title="Deployment Tool" href="Model%20Deployment%20and%20Execution%20in%20Cogility%20Studio-11-1.html" />
    <Document title="Run_DeploymentTool.bat" href="Model%20Deployment%20and%20Execution%20in%20Cogility%20Studio-11-2.html" />
    <Document title="Deployment Tool Scripting Syntax" href="Model%20Deployment%20and%20Execution%20in%20Cogility%20Studio-11-3.html" />
    <Document title="Examples of scripts" href="Model%20Deployment%20and%20Execution%20in%20Cogility%20Studio-11-4.html" />
    <Document title="Cogility Insight" href="Model%20Deployment%20and%20Execution%20in%20Cogility%20Studio-12-1.html" />
    <Document title="Running Cogility Insight" href="Model%20Deployment%20and%20Execution%20in%20Cogility%20Studio-12-2.html" />
    <Document title="Cogility Insight Menu Tree" href="Model%20Deployment%20and%20Execution%20in%20Cogility%20Studio-12-3.html" />
    <Document title="Home" href="Model%20Deployment%20and%20Execution%20in%20Cogility%20Studio-12-4.html" />
    <Document title="Preferences" href="Model%20Deployment%20and%20Execution%20in%20Cogility%20Studio-12-5.html" />
    <Document title="Execute" href="Model%20Deployment%20and%20Execution%20in%20Cogility%20Studio-12-6.html" />
    <Document title="Manage" href="Model%20Deployment%20and%20Execution%20in%20Cogility%20Studio-12-7.html" />
    <Document title="View " href="Model%20Deployment%20and%20Execution%20in%20Cogility%20Studio-12-8.html" />
    <Document title="JMS Message Utilities" href="Model%20Deployment%20and%20Execution%20in%20Cogility%20Studio-13-1.html" />
    <Document title="Message Traffic Viewer" href="Model%20Deployment%20and%20Execution%20in%20Cogility%20Studio-13-2.html" />
    <Document title="Message Editor" href="Model%20Deployment%20and%20Execution%20in%20Cogility%20Studio-13-3.html" />
    <Document title="Viewing the model metadata" href="Model%20Deployment%20and%20Execution%20in%20Cogility%20Studio-13-4.html" />
    <Document title="Cogility Web Service Exerciser" href="Model%20Deployment%20and%20Execution%20in%20Cogility%20Studio-14-1.html" />
    <Document title="Running Cogility Web Service Exerciser" href="Model%20Deployment%20and%20Execution%20in%20Cogility%20Studio-14-2.html" />
    <Document title="Importing an inbound web service" href="Model%20Deployment%20and%20Execution%20in%20Cogility%20Studio-14-3.html" />
    <Document title="Running a web service" href="Model%20Deployment%20and%20Execution%20in%20Cogility%20Studio-14-4.html" />
    <Document title="Saving a web service as a file" href="Model%20Deployment%20and%20Execution%20in%20Cogility%20Studio-14-5.html" />
    <Document title="Loading an outbound web service" href="Model%20Deployment%20and%20Execution%20in%20Cogility%20Studio-14-6.html" />
    <Document title="Viewing the model metadata" href="Model%20Deployment%20and%20Execution%20in%20Cogility%20Studio-14-7.html" />
    <Document title="Cogility WatchDog" href="Model%20Deployment%20and%20Execution%20in%20Cogility%20Studio-15-1.html" />
    <Document title="Managing time events" href="Model%20Deployment%20and%20Execution%20in%20Cogility%20Studio-15-2.html" />
    <Document title="Managing time events on multiple application servers" href="Model%20Deployment%20and%20Execution%20in%20Cogility%20Studio-15-3.html" />
  </DocumentInfo>

  <!--
  The TopicMap block is used for enabling context-sensitive help for
  use with your own software application. Publisher will automatically
  create Topic entries derived from the usage of the "TopicAlias"
  marker in your FrameMaker document(s). The "TopicAlias" marker should
  only contain the name of the topic.
  Each resulting Topic entry will be of the form:

    <Topic name="yourTopicName" href="yourBook/filename#123456">

  Where the topic name must contain only the characters:
  "A-Z", "a-z", "0-9", or "_".
  -->

  <TopicMap>
  </TopicMap>
</WebWorksHelpBook>
