<?xml version='1.0' encoding='ISO-8859-1' ?>

<WebWorksHelpIX version="4.0">
 <g t="A" o="002">
  <i t="accessing configuration parameters">
   <j l="11#wp1004172" />
  </i>
  <i t="Action pad files">
   <j l="41" />
  </i>
  <i t="Action semantics batch files">
   <j l="26#wp1009801" />
  </i>
  <i t="activate a project">
   <j l="26#wp1027922" />
  </i>
  <i t="active project">
   <j l="26#wp1027907" />
  </i>
  <i t="application server push">
   <j l="15#wp1004113" />
  </i>
 </g>
 <g t="B" o="002">
  <i t="BackgroundDeleteCompletedStateMachines.bat">
   <j l="21#wp1005200" />
  </i>
  <i t="behavior definitions, viewing">
   <j l="56#wp1031423" />
  </i>
  <i t="business analyst user menus">
   <j l="52#wp1077386" />
  </i>
 </g>
 <g t="C" o="002">
  <i t="Cogility Action Pad">
   <j l="39#wp1007967" />
  </i>
  <i t="Cogility Insight">
   <j l="50#wp1012765" />
   <i t="logging in">
    <j l="51" />
   </i>
   <i t="menu tree">
    <j l="52#wp1041654" />
   </i>
  </i>
  <i t="Cogility Message Editor">
   <j l="59#wp1017695" />
   <j l="60#wp1016845" />
  </i>
  <i t="Cogility Message Traffic Viewer">
   <j l="59#wp1016544" />
  </i>
  <i t="Cogility Project Configuration Editor">
   <j l="24#wp1002625" />
  </i>
  <i t="Cogility WatchDog">
   <j l="69" />
   <j l="70#wp1003900" />
  </i>
  <i t="Cogility Web Service Exerciser">
   <j l="62#wp1011263" />
  </i>
  <i t="com.ceira.ocl.println.debug">
   <j l="9#wp1006046" />
  </i>
  <i t="com.ceira.pear.connectionPool.increment">
   <j l="9#wp1006693" />
  </i>
  <i t="com.ceira.pear.connectionPool.initialSize">
   <j l="9#wp1006650" />
  </i>
  <i t="com.ceira.pear.connectionPool.maxSize">
   <j l="9#wp1006676" />
  </i>
  <i t="com.ceira.pear.connectionPool.maxWait">
   <j l="9#wp1006709" />
  </i>
  <i t="com.ceira.pear.dbSequence.increment">
   <j l="9#wp1006742" />
  </i>
  <i t="com.ceira.pear.dbSequence.initialValue">
   <j l="9#wp1006729" />
  </i>
  <i t="com.ceira.pm.enactment.debug.behavior">
   <j l="9#wp1006090" />
  </i>
  <i t="com.ceira.pm.enactment.debug.composite">
   <j l="9#wp1018811" />
  </i>
  <i t="com.ceira.pm.enactment.debug.message.gateway">
   <j l="9#wp1006159" />
  </i>
  <i t="com.ceira.webservice.audit.fsw.named">
   <j l="20#wp1004094" />
  </i>
  <i t="com.ceira.webservice.audit.fws">
   <j l="20#wp1003758" />
  </i>
  <i t="com.ceira.webservice.audit.isw.named">
   <j l="20#wp1003966" />
  </i>
  <i t="com.ceira.webservice.audit.iws">
   <j l="20#wp1003757" />
  </i>
  <i t="com.ceira.webservice.audit.ows">
   <j l="20#wp1003756" />
  </i>
  <i t="com.ceira.webservice.debug.ejb">
   <j l="9#wp1018866" />
  </i>
  <i t="com.ceira.webservice.debug.encoder">
   <j l="9#wp1006252" />
  </i>
  <i t="com.ceira.webservice.debug.inbound">
   <j l="9#wp1006265" />
  </i>
  <i t="com.ceira.webservice.debug.invoke">
   <j l="9#wp1006295" />
  </i>
  <i t="com.ceira.webservice.debug.jmsoutput">
   <j l="9#wp1006305" />
  </i>
  <i t="com.ceira.webservice.debug.paramlist">
   <j l="9#wp1006331" />
  </i>
  <i t="com.cogility.ActionPad.defaultDirectory">
   <j l="44#wp1001317" />
  </i>
  <i t="com.cogility.ActionPad.defaultExtension">
   <j l="44#wp1003337" />
  </i>
  <i t="com.cogility.ActionPad.initialWindowLocation.X">
   <j l="44#wp1007101" />
  </i>
  <i t="com.cogility.ActionPad.initialWindowLocation.Y">
   <j l="44#wp1007102" />
  </i>
  <i t="com.cogility.ActionPad.windowHeight">
   <j l="44#wp1007024" />
  </i>
  <i t="com.cogility.ActionPad.windowWidth">
   <j l="44#wp1007013" />
  </i>
  <i t="com.cogility.deployment.aux.webapps">
   <j l="13#wp1009922" />
  </i>
  <i t="com.cogility.enableExtraPushMenuItems">
   <j l="15#wp1011895" />
  </i>
  <i t="com.cogility.manager.auto.delete.state.rt">
   <j l="9#wp1019899" />
  </i>
  <i t="com.cogility.ocl.locateActionIgnoresNull">
   <j l="9#wp1009068" />
  </i>
  <i t="com.cogility.pear.maxInstancesReturned">
   <j l="9#wp1006595" />
  </i>
  <i t="com.cogility.pear.useDuplicatedFixedSchema">
   <j l="9#wp1006555" />
  </i>
  <i t="Commit After Running">
   <j l="43#wp1006637" />
  </i>
  <i t="configurable time-out">
   <j l="71" />
  </i>
  <i t="configuration parameters">
   <i t="accessing in action semantics">
    <j l="11#wp1004172" />
   </i>
   <i t="reloading during execution">
    <j l="17#wp1006916" />
   </i>
  </i>
  <i t="configuration settings, Cogility Action Pad">
   <j l="44#wp1005602" />
  </i>
  <i t="Configurations">
   <j l="56#wp1087760" />
  </i>
  <i t="console output log">
   <j l="43#wp1006593" />
  </i>
  <i t="create a project">
   <j l="26" />
  </i>
  <i t="Current User Profile">
   <j l="56#wp1088142" />
  </i>
  <i t="customConfigurations.txt file">
   <j l="7#wp1019274" />
  </i>
 </g>
 <g t="D" o="002">
  <i t="database artifact">
   <j l="37#wp1007240" />
  </i>
  <i t="database connection, testing">
   <j l="37#wp1007264" />
  </i>
  <i t="database only push">
   <j l="15#wp1011776" />
  </i>
  <i t="DcConfigurationFacility">
   <j l="11#wp1004172" />
  </i>
  <i t="dctc.messaging.debug">
   <j l="9#wp1006182" />
  </i>
  <i t="dctc.messaging.debug.conversion">
   <j l="9#wp1006195" />
  </i>
  <i t="default administrator user menu">
   <j l="52#wp1077386" />
  </i>
  <i t="defautConfigurations.txt file">
   <j l="7#wp1003448" />
  </i>
  <i t="DefineLogFile statement">
   <j l="48#wp1153278" />
  </i>
  <i t="delete.SM.olderThanDays">
   <j l="21#wp1004317" />
  </i>
  <i t="delete.SM.olderThanHours">
   <j l="21#wp1004318" />
  </i>
  <i t="delete.SM.olderThanMinutes">
   <j l="21#wp1004319" />
  </i>
  <i t="delete.SM.transactionBatchSize">
   <j l="21#wp1004320" />
  </i>
  <i t="DeleteCompletedStateMachines.bat">
   <j l="21#wp1005194" />
  </i>
  <i t="deployed model">
   <j l="33#wp1007051" />
  </i>
  <i t="deployed model comparison report">
   <j l="18#wp1003827" />
  </i>
  <i t="Deployment Tool">
   <j l="46#wp1153247" />
  </i>
  <i t="DeploymentTool Scripting Syntax">
   <j l="48" />
  </i>
  <i t="dynamic execution model update">
   <j l="17#wp1006806" />
  </i>
 </g>
 <g t="E" o="002">
  <i t="Enable 'pause' Dialogs">
   <j l="43#wp1006759" />
  </i>
  <i t="environment variables">
   <j l="32#wp1007029" />
  </i>
  <i t="Execution options">
   <j l="43#wp1006592" />
  </i>
  <i t="execution tools">
   <j l="4" />
  </i>
  <i t="ExitModeler statement">
   <j l="48#wp1153344" />
  </i>
  <i t="ExportMapOfTableNames statement">
   <j l="48#wp1153338" />
  </i>
 </g>
 <g t="F" o="002">
  <i t="full model push">
   <j l="15#wp1004018" />
  </i>
 </g>
 <g t="G" o="002">
  <i t="groups">
   <j l="56#wp1089956" />
  </i>
  <i t="groups, modifying group information">
   <j l="56#wp1089666" />
  </i>
 </g>
 <g t="H" o="002">
  <i t="Host file">
   <j l="34" />
  </i>
 </g>
 <g t="I" o="002">
  <i t="import a web service">
   <j l="67#wp1001031" />
  </i>
  <i t="Import statement">
   <j l="48#wp1153302" />
  </i>
  <i t="inbound web service">
   <i t="deployment, viewing">
    <j l="57#wp1033184" />
   </i>
   <i t="executing">
    <j l="55#wp1087477" />
   </i>
  </i>
  <i t="incremental push">
   <j l="15#wp1004041" />
  </i>
  <i t="installation configuration files">
   <j l="7#wp1003448" />
  </i>
  <i t="installation-specific configuration">
   <j l="28#wp1004247" />
  </i>
 </g>
 <g t="J" o="002">
  <i t="JMS Message Utilities">
   <j l="58" />
  </i>
  <i t="JMS messages">
   <j l="59#wp1016544" />
  </i>
 </g>
 <g t="L" o="002">
  <i t="LoadNewRepository statement">
   <j l="48#wp1153298" />
  </i>
  <i t="Log Console Output to File">
   <j l="43#wp1006593" />
  </i>
  <i t="Logging">
   <j l="56#wp1087760" />
  </i>
 </g>
 <g t="M" o="002">
  <i t="message definition file">
   <j l="59#wp1016792" />
  </i>
  <i t="message files">
   <j l="60#wp1016888" />
  </i>
  <i t="metadata.xml">
   <j l="26#wp1009482" />
  </i>
  <i t="Model configuration">
   <j l="43#wp1008978" />
  </i>
  <i t="model metadata">
   <j l="61" />
  </i>
  <i t="Model metadata">
   <j l="43#wp1009169" />
  </i>
  <i t="model state and behavior definitions">
   <j l="56#wp1031370" />
  </i>
  <i t="monitor service">
   <j l="56#wp1092126" />
  </i>
  <i t="multiple application servers">
   <j l="71#wp1011028" />
  </i>
 </g>
 <g t="O" o="002">
  <i t="Object Constraint Language and Action Semantics">
   <j l="42#wp1005564" />
  </i>
  <i t="Oracle application server artifact">
   <j l="36#wp1007190" />
  </i>
 </g>
 <g t="P" o="002">
  <i t="Pear Schema Modification Utility">
   <j l="16#wp1005364" />
  </i>
  <i t="pear-params.txt">
   <j l="16#wp1008914" />
  </i>
  <i t="permissions">
   <j l="56#wp1090284" />
  </i>
  <i t="persistent schema update">
   <j l="16#wp1005322" />
  </i>
  <i t="PlaceModelUnderCM statement">
   <j l="48#wp1153317" />
  </i>
  <i t="project action semantics files">
   <j l="8#wp1003671" />
  </i>
  <i t="project batch scripts">
   <j l="8#wp1005058" />
  </i>
  <i t="project code libraries">
   <j l="8#wp1019328" />
  </i>
  <i t="project configuration">
   <j l="8#wp1003665" />
  </i>
  <i t="Project Configuration Editor">
   <j l="26" />
   <j l="26#wp1027922" />
  </i>
  <i t="project configuration libraries">
   <j l="8#wp1005044" />
  </i>
  <i t="project directory structure">
   <j l="26#wp1003100" />
  </i>
  <i t="Project-specific configuration">
   <j l="28#wp1004247" />
  </i>
  <i t="Publishing messages">
   <j l="59#wp1016795" />
  </i>
  <i t="push">
   <i t="application server only">
    <j l="15#wp1004113" />
   </i>
   <i t="database only">
    <j l="15#wp1011776" />
   </i>
   <i t="full model">
    <j l="15#wp1004018" />
   </i>
   <i t="incremental">
    <j l="15#wp1004041" />
   </i>
   <i t="modes">
    <j l="15#wp1024260" />
   </i>
   <i t="schema only">
    <j l="15#wp1004065" />
   </i>
   <i t="single artifact">
    <j l="15#wp1004221" />
   </i>
  </i>
  <i t="Push statement">
   <j l="48#wp1153325" />
  </i>
 </g>
 <g t="R" o="002">
  <i t="refresh PEAR cache">
   <j l="17#wp1007078" />
  </i>
  <i t="refresh PEAR connections">
   <j l="17#wp1007063" />
  </i>
  <i t="reload configuration settings">
   <j l="7#wp1003557" />
  </i>
  <i t="Remote Deployment">
   <j l="30" />
  </i>
  <i t="Remote execution">
   <j l="38" />
  </i>
  <i t="Roles">
   <j l="56#wp1103428" />
  </i>
  <i t="run the action semantics">
   <j l="43#wp1005538" />
  </i>
  <i t="Run_DeploymentTool.bat">
   <j l="47" />
   <j l="47" />
  </i>
 </g>
 <g t="S" o="002">
  <i t="scheduling">
   <j l="56#wp1093984" />
  </i>
  <i t="scheduling functionality">
   <j l="56#wp1047533" />
  </i>
  <i t="schema only push">
   <j l="15#wp1004065" />
  </i>
  <i t="schema updates">
   <j l="16#wp1004442" />
  </i>
  <i t="Serialize After Verify">
   <j l="43#wp1006601" />
  </i>
  <i t="SetRepository statement">
   <j l="48#wp1153286" />
  </i>
  <i t="SetupEngagementClassPath">
   <j l="26#wp1026807" />
  </i>
  <i t="Show Exception Stack Traces">
   <j l="43#wp1006680" />
  </i>
  <i t="Show Log Messages">
   <j l="43#wp1006652" />
  </i>
  <i t="Show Prefixes in Console">
   <j l="43#wp1006732" />
  </i>
  <i t="single artifact push">
   <j l="15#wp1004221" />
  </i>
  <i t="source trees">
   <j l="27#wp1010047" />
  </i>
  <i t="state machine">
   <i t="state information, viewing">
    <j l="56#wp1031423" />
   </i>
   <i t="transaction boundaries">
    <j l="69" />
   </i>
  </i>
  <i t="subscribing">
   <j l="59#wp1016802" />
  </i>
 </g>
 <g t="T" o="002">
  <i t="time event">
   <j l="69#wp1003886" />
  </i>
  <i t="Tracing">
   <j l="56#wp1087760" />
  </i>
  <i t="transaction boundaries in state machines">
   <j l="69" />
  </i>
  <i t="TurnOverDeploymentModel statement">
   <j l="48#wp1153310" />
  </i>
 </g>
 <g t="U" o="002">
  <i t="upgrading multiple application servers">
   <j l="23#wp1005181" />
  </i>
  <i t="users">
   <j l="56#wp1089956" />
  </i>
  <i t="Users">
   <j l="56#wp1089706" />
  </i>
  <i t="users, modifying user information">
   <j l="56#wp1089722" />
  </i>
 </g>
 <g t="W" o="002">
  <i t="WatchDog">
   <j l="69" />
  </i>
  <i t="web service audit">
   <j l="20#wp1003751" />
  </i>
  <i t="WebLogic application server artifact">
   <j l="36#wp1007214" />
  </i>
 </g>
</WebWorksHelpIX>
