<?xml version='1.0' encoding='ISO-8859-1' ?>

<WebWorksHelpIX version="4.0">
 <g t="A" o="002">
  <i t="abstract events">
   <j l="44#wp1016709" />
  </i>
  <i t="Add a Factory (button)">
   <j l="32#wp1001928" />
  </i>
  <i t="add a state to a state activity diagram">
   <j l="51#wp1003893" />
  </i>
  <i t="Add an Association button">
   <j l="34#wp1009734" />
  </i>
  <i t="Add an Association Class (button)">
   <j l="35#wp1009900" />
  </i>
  <i t="arguments to queries">
   <j l="41#wp1013645" />
  </i>
  <i t="association classes">
   <i t="class diagram, adding with">
    <j l="35#wp1003037" />
   </i>
   <i t="information, defining">
    <j l="35#wp1003089" />
   </i>
   <i t="menus and buttons, adding with">
    <j l="35#wp1009884" />
   </i>
  </i>
  <i t="Association Editor tab">
   <j l="34#wp1002944" />
  </i>
  <i t="associations">
   <i t="class diagrams, adding with">
    <j l="34#wp1009752" />
   </i>
   <i t="definition">
    <j l="34#wp1002861" />
   </i>
   <i t="information, defining">
    <j l="34#wp1009794" />
   </i>
   <i t="reflexive associations">
    <j l="36" />
   </i>
   <i t="roles">
    <j l="34#wp1009816" />
   </i>
  </i>
  <i t="attributes">
   <i t="classes">
    <j l="29#wp1010542" />
   </i>
   <i t="see also properties" s="zzzz">
    <j l="29#wp1010542" />
   </i>
  </i>
 </g>
 <g t="B" o="002">
  <i t="Behavior modeling">
   <j l="3#wp1015266" />
  </i>
  <i t="business object locator, M2E conversion">
   <j l="46#wp1016101" />
  </i>
  <i t="business process">
   <j l="48#wp1003003" />
  </i>
  <i t="BusinessObjectsBatch">
   <j l="54#wp1007688" />
   <j l="54#wp1007689" />
  </i>
 </g>
 <g t="C" o="002">
  <i t="class diagrams">
   <i t="adding a new class to">
    <j l="27#wp1007522" />
   </i>
   <i t="adding existing classes to">
    <j l="27#wp1007581" />
   </i>
   <i t="association classes, adding">
    <j l="35#wp1003037" />
   </i>
   <i t="associations, adding">
    <j l="34#wp1009752" />
   </i>
   <i t="displaying">
    <j l="33#wp1002514" />
   </i>
   <i t="displaying connections">
    <j l="33#wp1002630" />
   </i>
  </i>
  <i t="classes">
   <i t="adding DIM classes">
    <j l="27#wp1007229" />
   </i>
   <i t="description">
    <j l="27#wp1003381" />
   </i>
   <i t="MIM class, adding">
    <j l="27#wp1002226" />
   </i>
  </i>
  <i t="classifier feature map">
   <i t="specifying use in Data Transformation Editor">
    <j l="58#wp1012438" />
   </i>
  </i>
  <i t="Classifier feature map usage">
   <j l="58#wp1007988" />
  </i>
  <i t="classifier map">
   <i t="specifying use in Data Transformation Editor">
    <j l="58#wp1009393" />
    <j l="58#wp1012384" />
    <j l="58#wp1009586" />
   </i>
  </i>
  <i t="code assist">
   <j l="18" />
  </i>
  <i t="code completion">
   <j l="18" />
  </i>
  <i t="com.cogility.OCL.historyComments.automatic">
   <j l="21#wp1019117" />
  </i>
  <i t="com.cogility.OCL.historyComments.enabled">
   <j l="21#wp1019087" />
  </i>
  <i t="com.cogility.OCL.historyComments.problemIdTitle">
   <j l="21#wp1019240" />
  </i>
  <i t="com.cogility.OCL.historyComments.username">
   <j l="21#wp1019159" />
  </i>
  <i t="com.cogility.OCLCodeAssist.ClassDefs.0">
   <j l="18#wp1019984" />
  </i>
  <i t="com.cogility.OCLCodeAssist.ClassDefs.1">
   <j l="18#wp1019986" />
  </i>
  <i t="com.cogility.OCLCodeAssist.ClassDefs.count">
   <j l="18#wp1019982" />
  </i>
  <i t="com.cogility.OCLCodeAssist.JavaActions.custom.0">
   <j l="18#wp1019973" />
  </i>
  <i t="com.cogility.OCLCodeAssist.JavaActions.custom.1">
   <j l="18#wp1019975" />
  </i>
  <i t="com.cogility.OCLCodeAssist.JavaActions.custom.count">
   <j l="18#wp1019971" />
  </i>
  <i t="com.cogility.OCLCodeAssist.windowHeight">
   <j l="18#wp1019967" />
  </i>
  <i t="com.cogility.OCLCodeAssist.windowWidth">
   <j l="18#wp1019965" />
  </i>
  <i t="com.ohana.object.persistence.db.class.1">
   <j l="5#wp1017827" />
  </i>
  <i t="com.ohana.object.persistence.db.connection">
   <j l="5#wp1017891" />
  </i>
  <i t="com.ohana.object.persistence.db.count">
   <j l="5#wp1017826" />
  </i>
  <i t="com.ohana.object.persistence.db.databasename.1">
   <j l="5#wp1017894" />
  </i>
  <i t="com.ohana.object.persistence.db.interface.1">
   <j l="5#wp1017892" />
  </i>
  <i t="com.ohana.object.persistence.db.password.1">
   <j l="5#wp1017896" />
  </i>
  <i t="com.ohana.object.persistence.db.servername.1">
   <j l="5#wp1017893" />
  </i>
  <i t="com.ohana.object.persistence.db.username.1">
   <j l="5#wp1017895" />
  </i>
  <i t="complex type support">
   <i t="inbound web services">
    <j l="62#wp1011783" />
   </i>
   <i t="outbound web services">
    <j l="64#wp1011858" />
   </i>
  </i>
  <i t="concurrent composite state">
   <j l="51#wp1004589" />
  </i>
  <i t="conditions in SQL">
   <j l="41#wp1013645" />
  </i>
  <i t="configuration map">
   <j l="4#wp1015462" />
  </i>
  <i t="configuration parameters">
   <i t="com.cogility.OCL.historyComments.automatic">
    <j l="21#wp1019117" />
   </i>
   <i t="com.cogility.OCL.historyComments.enabled">
    <j l="21#wp1019087" />
   </i>
   <i t="com.cogility.OCL.historyComments.problemIdTitle">
    <j l="21#wp1019240" />
   </i>
   <i t="com.cogility.OCL.historyComments.username">
    <j l="21#wp1019159" />
   </i>
   <i t="com.cogility.OCLCodeAssist.ClassDefs.0">
    <j l="18#wp1019984" />
   </i>
   <i t="com.cogility.OCLCodeAssist.ClassDefs.1">
    <j l="18#wp1019986" />
   </i>
   <i t="com.cogility.OCLCodeAssist.ClassDefs.count">
    <j l="18#wp1019982" />
   </i>
   <i t="com.cogility.OCLCodeAssist.JavaActions.custom.0">
    <j l="18#wp1019973" />
   </i>
   <i t="com.cogility.OCLCodeAssist.JavaActions.custom.1">
    <j l="18#wp1019975" />
   </i>
   <i t="com.cogility.OCLCodeAssist.JavaActions.custom.count">
    <j l="18#wp1019971" />
   </i>
   <i t="com.cogility.OCLCodeAssist.windowHeight">
    <j l="18#wp1019967" />
   </i>
   <i t="com.cogility.OCLCodeAssist.windowWidth">
    <j l="18#wp1019965" />
   </i>
   <i t="com.ohana.object.persistence.db.class.1">
    <j l="5#wp1017827" />
   </i>
   <i t="com.ohana.object.persistence.db.connection">
    <j l="5#wp1017891" />
   </i>
   <i t="com.ohana.object.persistence.db.count">
    <j l="5#wp1017826" />
   </i>
   <i t="com.ohana.object.persistence.db.databasename.1">
    <j l="5#wp1017894" />
   </i>
   <i t="com.ohana.object.persistence.db.interface.1">
    <j l="5#wp1017892" />
   </i>
   <i t="com.ohana.object.persistence.db.password.1">
    <j l="5#wp1017896" />
   </i>
   <i t="com.ohana.object.persistence.db.servername.1">
    <j l="5#wp1017893" />
   </i>
   <i t="com.ohana.object.persistence.db.username.1">
    <j l="5#wp1017895" />
   </i>
   <i t="model assist">
    <j l="18#wp1019960" />
   </i>
   <i t="reloading (during development)">
    <j l="10#wp1022145" />
   </i>
  </i>
  <i t="conversions, outbound (E2M)">
   <j l="46#wp1002947" />
  </i>
  <i t="current context, defined">
   <j l="4#wp1016792" />
  </i>
  <i t="custom queries">
   <j l="41" />
   <i t="attributes">
    <j l="41#wp1013595" />
   </i>
   <i t="conditions and arguments">
    <j l="41#wp1013645" />
   </i>
   <i t="relations">
    <j l="41#wp1013663" />
   </i>
  </i>
 </g>
 <g t="D" o="002">
  <i t="Data Transformation Editor">
   <i t="creating a transformation map">
    <j l="58#wp1009393" />
   </i>
   <i t="creating an opaque transformation map">
    <j l="57#wp1009354" />
   </i>
   <i t="description">
    <j l="60#wp1008030" />
   </i>
   <i t="editing existing transformations">
    <j l="60#wp1002904" />
   </i>
   <i t="interface">
    <j l="60#wp1002791" />
   </i>
   <i t="specify feature map use">
    <j l="58#wp1012384" />
    <j l="58#wp1009586" />
   </i>
   <i t="specifying a classifier map">
    <j l="58#wp1009393" />
   </i>
   <i t="specifying classifier feature map use">
    <j l="58#wp1012438" />
   </i>
   <i t="specifying classifier map use">
    <j l="58#wp1012384" />
    <j l="58#wp1009586" />
   </i>
   <i t="specifying feature map use">
    <j l="58#wp1012411" />
   </i>
  </i>
  <i t="data transformations, in state machines">
   <j l="51#wp1004013" />
  </i>
  <i t="data types, defining">
   <j l="29#wp1008136" />
  </i>
  <i t="database connection">
   <j l="75#wp1023408" />
  </i>
  <i t="database index">
   <j l="27#wp1010827" />
  </i>
  <i t="database, testing the connection">
   <j l="75#wp1023408" />
  </i>
  <i t="DB index">
   <j l="27#wp1010827" />
  </i>
  <i t="deployment, outbound web service">
   <j l="64#wp1005262" />
  </i>
  <i t="DIM">
   <i t="defining">
    <j l="26#wp1003346" />
   </i>
   <i t="see Distinct Information Model (DIM)">
    <j l="26" />
   </i>
  </i>
  <i t="DIM classes">
   <i t="adding">
    <j l="27#wp1007229" />
   </i>
   <i t="explanation">
    <j l="27#wp1003381" />
   </i>
  </i>
  <i t="Distinct Information Model (DIM)">
   <i t="classes, defining">
    <j l="27#wp1007229" />
   </i>
   <i t="defining">
    <j l="26#wp1003346" />
   </i>
   <i t="description">
    <j l="26" />
   </i>
  </i>
  <i t="Document object">
   <j l="65#wp1002642" />
  </i>
  <i t="DOM Document object">
   <j l="65#wp1002642" />
  </i>
  <i t="DOS event, in state machines">
   <j l="52#wp1005188" />
  </i>
  <i t="dynamic schema">
   <j l="75#wp1016980" />
  </i>
 </g>
 <g t="E" o="002">
  <i t="E2M conversions">
   <i t="adding">
    <j l="46#wp1002947" />
   </i>
   <i t="defined">
    <j l="46#wp1002948" />
   </i>
  </i>
  <i t="effect action">
   <j l="52#wp1005567" />
   <i t="in state machines">
    <j l="52#wp1005567" />
    <j l="52#wp1005567" />
   </i>
  </i>
  <i t="enterprise objects">
   <j l="48#wp1001673" />
  </i>
  <i t="event trigger, in  state machines">
   <j l="52#wp1005260" />
  </i>
  <i t="events">
   <i t="abstract events">
    <j l="44#wp1016709" />
   </i>
   <i t="start event">
    <j l="53" />
   </i>
  </i>
  <i t="events, standard">
   <i t="start objects">
    <j l="45#wp1001966" />
   </i>
  </i>
 </g>
 <g t="F" o="002">
  <i t="factory classes">
   <j l="32#wp1001919" />
  </i>
  <i t="feature map">
   <i t="specifying use  in Data Transformation Editor">
    <j l="58#wp1012411" />
   </i>
   <i t="specifying use in Data Transformation Editor">
    <j l="58#wp1012384" />
    <j l="58#wp1009586" />
   </i>
  </i>
  <i t="final state">
   <j l="51#wp1004571" />
  </i>
  <i t="fixed schema">
   <j l="75#wp1016980" />
  </i>
  <i t="FROM SQL statement">
   <j l="41#wp1013595" />
  </i>
 </g>
 <g t="G" o="002">
  <i t="GROUP BY SQL statement">
   <j l="41#wp1013663" />
  </i>
  <i t="guard condition">
   <i t="in state machines">
    <j l="52#wp1005188" />
   </i>
  </i>
  <i t="guard condition, in state machines">
   <j l="52#wp1005188" />
  </i>
 </g>
 <g t="H" o="002">
  <i t="HAVING SQL statement">
   <j l="41#wp1013663" />
  </i>
 </g>
 <g t="I" o="002">
  <i t="icons, model assist">
   <j l="18#wp1021489" />
  </i>
  <i t="immutable and mutable artifacts.">
   <j l="8#wp1018707" />
  </i>
  <i t="importing a WSDL">
   <j l="64#wp1002245" />
  </i>
  <i t="inbound web service">
   <j l="67#wp1046487" />
  </i>
  <i t="inbound web services">
   <i t="complex type support">
    <j l="62#wp1011783" />
   </i>
  </i>
  <i t="inconsistencies">
   <i t="red flag">
    <j l="75#wp1015773" />
   </i>
   <i t="yellow">
    <j l="75#wp1015768" />
   </i>
  </i>
  <i t="initial state">
   <j l="51#wp1004573" />
  </i>
  <i t="isSequenceable">
   <i t="class attributes">
    <j l="29#wp1008047" />
   </i>
  </i>
 </g>
 <g t="J" o="002">
  <i t="Java methods">
   <i t="toXML">
    <j l="42#wp1016945" />
   </i>
   <i t="toXMLFragment">
    <j l="42#wp1016945" />
   </i>
  </i>
  <i t="joins SQL statements">
   <j l="41#wp1013663" />
  </i>
 </g>
 <g t="L" o="002">
  <i t="Latest Version Only checkbox">
   <j l="4#wp1015488" />
  </i>
  <i t="Legacy Information Model (LIM)">
   <i t="Activation">
    <j l="40" />
    <i t="Activate tables">
     <j l="40#wp1013309" />
    </i>
    <i t="Activated table actions">
     <j l="40#wp1013356" />
    </i>
    <i t="Configuration Parameters">
     <j l="40#wp1084841" />
    </i>
    <i t="Deactivate tables">
     <j l="40#wp1015197" />
    </i>
    <i t="Discover tables">
     <j l="40#wp1013290" />
    </i>
   </i>
   <i t="creating">
    <j l="37#wp1012964" />
   </i>
   <i t="description">
    <j l="37" />
   </i>
   <i t="In-line SQL Statements">
    <j l="38" />
   </i>
   <i t="Statement objects">
    <j l="39" />
   </i>
  </i>
  <i t="lock file">
   <j l="4#wp1025923" />
  </i>
 </g>
 <g t="M" o="002">
  <i t="map (configuration map)">
   <j l="4#wp1015462" />
  </i>
  <i t="Master Information Model (MIM)">
   <i t="creating">
    <j l="25#wp1002201" />
   </i>
   <i t="description">
    <j l="25" />
   </i>
  </i>
  <i t="message definitions">
   <j l="9#wp1016616" />
  </i>
  <i t="message modeling">
   <i t="definition">
    <j l="43#wp1001292" />
   </i>
  </i>
  <i t="Message modeling">
   <j l="3#wp1014874" />
  </i>
  <i t="messages, defining for JMS">
   <j l="47#wp1004114" />
  </i>
  <i t="method">
   <j l="30#wp1008285" />
  </i>
  <i t="MIM">
   <i t="see Master Information Model (MIM)">
    <j l="25" />
   </i>
  </i>
  <i t="MIM classes">
   <i t="adding">
    <j l="27#wp1002226" />
   </i>
   <i t="explanation">
    <j l="27#wp1003381" />
   </i>
  </i>
  <i t="model assist icons">
   <j l="18#wp1021489" />
  </i>
  <i t="model assist, configuration parameters">
   <j l="18#wp1019960" />
  </i>
  <i t="model container">
   <j l="6#wp1013128" />
  </i>
  <i t="multiplicity">
   <i t="adding">
    <j l="34#wp1009816" />
   </i>
  </i>
  <i t="multiplicity expression">
   <j l="34#wp1002958" />
  </i>
  <i t="multiplicity expressions">
   <i t="valid formats">
    <j l="34#wp1012131" />
   </i>
  </i>
  <i t="mutable and immutable artifacts">
   <j l="8#wp1018707" />
  </i>
 </g>
 <g t="N" o="002">
  <i t="newBatchFor">
   <j l="54#wp1007697" />
  </i>
  <i t="newRow bound variable">
   <j l="40#wp1014943" />
  </i>
 </g>
 <g t="O" o="002">
  <i t="oldRow bound variable">
   <j l="40#wp1014943" />
  </i>
  <i t="opaque transformation map">
   <i t="creating">
    <j l="57#wp1003528" />
    <j l="57#wp1003528" />
   </i>
   <i t="creating in Data Transformation Editor">
    <j l="57#wp1009354" />
   </i>
   <i t="description">
    <j l="57#wp1001762" />
   </i>
  </i>
  <i t="operation">
   <i t="outbound web service">
    <j l="64#wp1005343" />
   </i>
  </i>
  <i t="ORDER BY SQL statement">
   <j l="41#wp1013663" />
  </i>
  <i t="outbound web service">
   <j l="64" />
   <i t="importing a WSDL">
    <j l="64#wp1002245" />
   </i>
   <i t="testing">
    <j l="64#wp1005461" />
   </i>
  </i>
  <i t="outbound web services">
   <i t="complex type support">
    <j l="64#wp1011858" />
   </i>
  </i>
 </g>
 <g t="P" o="002">
  <i t="parallel transformation chain">
   <i t="creating">
    <j l="59#wp1002420" />
   </i>
   <i t="description">
    <j l="59#wp1002406" />
   </i>
   <i t="input and output DOS">
    <j l="59#wp1002412" />
   </i>
  </i>
  <i t="parameters">
   <i t="inbound web service">
    <j l="62#wp1001759" />
   </i>
  </i>
  <i t="parent">
   <j l="54#wp1011090" />
   <j l="55#wp1007851" />
  </i>
  <i t="PEAR">
   <j l="75#wp1016983" />
  </i>
  <i t="Persistent Entities, Attributes, and Relationships (PEAR)">
   <j l="75#wp1016983" />
  </i>
 </g>
 <g t="Q" o="002">
  <i t="queries">
   <i t="custom queries">
    <j l="41" />
   </i>
  </i>
 </g>
 <g t="R" o="002">
  <i t="red flag inconsistencies">
   <j l="75#wp1015773" />
  </i>
  <i t="reflexive associations">
   <i t="adding">
    <j l="36" />
   </i>
  </i>
  <i t="relations">
   <j l="41#wp1013663" />
  </i>
  <i t="reloading configurations">
   <j l="10#wp1022145" />
  </i>
  <i t="roles">
   <j l="34#wp1009816" />
  </i>
  <i t="row bound variable">
   <j l="40#wp1014941" />
  </i>
 </g>
 <g t="S" o="002">
  <i t="SELECT SQL statement">
   <j l="41#wp1013595" />
  </i>
  <i t="sequential composite state">
   <i t="described">
    <j l="51#wp1004633" />
   </i>
  </i>
  <i t="serial transformation chain">
   <i t="creating">
    <j l="59#wp1002363" />
   </i>
   <i t="description">
    <j l="59#wp1008256" />
   </i>
  </i>
  <i t="session lock file">
   <j l="4#wp1025923" />
  </i>
  <i t="Session.slk">
   <j l="4#wp1025923" />
  </i>
  <i t="simple state">
   <i t="described">
    <j l="51#wp1004629" />
   </i>
  </i>
  <i t="source class">
   <j l="34#wp1002946" />
  </i>
  <i t="source multiplicity">
   <j l="34#wp1002958" />
  </i>
  <i t="source role">
   <j l="34#wp1009816" />
   <j l="34#wp1002954" />
  </i>
  <i t="SQL conditions">
   <j l="41#wp1013645" />
  </i>
  <i t="start event">
   <j l="53" />
  </i>
  <i t="start object">
   <i t="events, defining for">
    <j l="45#wp1001966" />
   </i>
  </i>
  <i t="state machine">
   <i t="defined">
    <j l="48#wp1003038" />
   </i>
  </i>
  <i t="state machines">
   <i t="described">
    <j l="50" />
   </i>
  </i>
  <i t="state types">
   <j l="51" />
  </i>
  <i t="state variable">
   <j l="54#wp1007755" />
  </i>
  <i t="states">
   <i t="adding to a state activity diagram">
    <j l="51#wp1003893" />
   </i>
  </i>
  <i t="superclasses">
   <i t="description">
    <j l="28#wp1007785" />
   </i>
  </i>
 </g>
 <g t="T" o="002">
  <i t="target class">
   <j l="34#wp1002946" />
  </i>
  <i t="target role">
   <j l="34#wp1009816" />
  </i>
  <i t="time event">
   <i t="configuration parameter">
    <j l="44#wp1037798" />
   </i>
   <i t="in state machines">
    <j l="44#wp1005481" />
   </i>
   <i t="time expression">
    <j l="44#wp1037755" />
   </i>
  </i>
  <i t="time event action">
   <j l="44#wp1039558" />
  </i>
  <i t="time expression override">
   <j l="44#wp1039558" />
  </i>
  <i t="toXML">
   <j l="42#wp1016945" />
  </i>
  <i t="toXMLFragment">
   <j l="42#wp1016945" />
  </i>
  <i t="transformation chain">
   <i t="adding transformation units">
    <j l="59#wp1008742" />
   </i>
   <i t="D2M conversion">
    <j l="59#wp1008185" />
   </i>
   <i t="M2D conversion">
    <j l="59#wp1008159" />
   </i>
  </i>
  <i t="transformation map">
   <i t="creating in Data Transformation Editor">
    <j l="58#wp1009393" />
   </i>
   <i t="defining">
    <j l="58#wp1006581" />
   </i>
  </i>
  <i t="Transformation modeling">
   <i t="described (introduction)">
    <j l="3#wp1014888" />
   </i>
  </i>
  <i t="transformations">
   <i t="in state machines">
    <j l="51#wp1004013" />
   </i>
  </i>
  <i t="transition, guard condition">
   <j l="52#wp1005188" />
  </i>
  <i t="transitions">
   <j l="52" />
  </i>
  <i t="trigger event">
   <i t="in state machines">
    <j l="52#wp1005260" />
   </i>
  </i>
 </g>
 <g t="V" o="002">
  <i t="version (model version)">
   <j l="4#wp1018625" />
  </i>
 </g>
 <g t="W" o="002">
  <i t="Web service modeling">
   <i t="described (introduction)">
    <j l="3#wp1014895" />
   </i>
  </i>
  <i t="web service, inbound">
   <j l="67#wp1046487" />
   <i t="parameters">
    <j l="62#wp1001759" />
   </i>
  </i>
  <i t="web service, outbound">
   <j l="64" />
   <i t="deployment">
    <j l="64#wp1005262" />
   </i>
   <i t="importing a WSDL">
    <j l="64#wp1002245" />
   </i>
   <i t="operation">
    <j l="64#wp1005343" />
   </i>
   <i t="testing">
    <j l="64#wp1005461" />
   </i>
   <i t="WSDL">
    <j l="64#wp1002408" />
   </i>
  </i>
  <i t="WSDL">
   <i t="importing">
    <j l="64#wp1002245" />
   </i>
   <i t="outbound web service">
    <j l="64#wp1002408" />
   </i>
  </i>
 </g>
 <g t="X" o="002">
  <i t="XmlGetString()">
   <j l="65#wp1002649" />
  </i>
  <i t="XmlLoad()">
   <j l="65#wp1002645" />
  </i>
 </g>
 <g t="Y" o="002">
  <i t="yellow flag inconsistencies">
   <j l="75#wp1015768" />
  </i>
 </g>
 <g t="Symbols" o="003">
  <i t="%OEMHOME%">
   <j l="5#wp1017841" />
  </i>
 </g>
</WebWorksHelpIX>
