<?xml version='1.0' encoding='ISO-8859-1' ?>

<WebWorksHelpTOC version="4.0">
 <i t="Preface" l="1">
  <i t="Cogility Studio documentation" l="2" />
 </i>
 <i t="Cogility Modeler" l="3">
  <i t="Configuration management" l="4">
   <i t="Current CM context" l="4#wp1015405">
    <i t="Configuration map" l="4#wp1015462" />
    <i t="Version" l="4#wp1018625" />
    <i t="Logging into the current context" l="4#wp1012998" />
    <i t="Exit Cogility Modeler" l="4#wp1025868" />
   </i>
  </i>
  <i t="Authoring repository" l="5">
   <i t="Authoring repository configuration" l="5#wp1017816" />
   <i t="Load Repository utility" l="5#wp1016831">
    <i t="Loading the repository" l="5#wp1016713" />
   </i>
  </i>
  <i t="Model container" l="6">
   <i t="Creating a model container" l="6#wp1013160" />
  </i>
  <i t="Packages" l="7">
   <i t="Creating a package" l="7#wp1021067" />
   <i t="Virtual Packages" l="7#wp1122636" />
  </i>
  <i t="Model artifacts" l="8">
   <i t="Editing model artifacts" l="8#wp1022395" />
   <i t="Deleting model artifacts" l="8#wp1016511" />
  </i>
  <i t="Message definitions" l="9">
   <i t="Exporting message definitions" l="9#wp1016616" />
  </i>
  <i t="Configuration Parameters" l="10">
   <i t="Reloading configuration parameters into Cogility Modeler" l="10#wp1022145" />
  </i>
  <i t="Deployment" l="11" />
  <i t="Execution" l="12" />
  <i t="Cogility Modeler interface" l="13">
   <i t="Views" l="13#wp1013628">
    <i t="Tree view" l="13#wp1013644" />
    <i t="Editor view" l="13#wp1013649" />
    <i t="Messages view" l="13#wp1013677" />
    <i t="Push actions view" l="13#wp1013703" />
   </i>
   <i t="Search" l="13#wp1013723">
    <i t="Search For Name In Action Semantics" l="13#wp1130838" />
    <i t="Search dialog" l="13#wp1126723" />
   </i>
   <i t="History" l="13#wp1013751" />
  </i>
  <i t="Menus and tools" l="14">
   <i t="File Menu" l="14#wp1100175" />
   <i t="Selection Menu" l="14#wp1106603" />
   <i t="UI menu" l="14#wp1014315" />
   <i t="Help menu" l="14#wp1014337" />
   <i t="Additional menus" l="14#wp1120538">
    <i t="Move selection" l="14#wp1168341" />
   </i>
  </i>
  <i t="Select Object(s) dialog" l="15" />
  <i t="Common editing functions" l="16" />
  <i t="Tab and indent" l="17" />
  <i t="Model assist" l="18">
   <i t="Association classes" l="18#wp1020255" />
   <i t="Class attributes" l="18#wp1014511" />
   <i t="Model classes" l="18#wp1014522" />
   <i t="Java classes" l="18#wp1021639" />
   <i t="Transient classes" l="18#wp1021708" />
   <i t="Bound variables" l="18#wp1021713" />
   <i t="Java actions" l="18#wp1021660" />
   <i t="Keywords" l="18#wp1014544" />
   <i t="LIM" l="18#wp1014555" />
   <i t="Methods" l="18#wp1014568" />
   <i t="Operations" l="18#wp1014579" />
   <i t="Parameters" l="18#wp1014590" />
   <i t="Publish" l="18#wp1014601" />
   <i t="Roles" l="18#wp1014612" />
   <i t="Variables" l="18#wp1014623" />
   <i t="XSD element definition" l="18#wp1024343" />
   <i t="XSD type definition" l="18#wp1021937" />
   <i t="Keystrokes and mouse click responses" l="18#wp1019943" />
   <i t="Model assist configuration parameters" l="18#wp1019960">
    <i t="Window size" l="18#wp1019962" />
    <i t="Custom Java actions" l="18#wp1019968" />
    <i t="Classes" l="18#wp1019979" />
   </i>
   <i t="Using model assist" l="18#wp1019996" />
  </i>
  <i t="Syntax assist" l="19">
   <i t="Using syntax assist" l="19#wp1020306" />
  </i>
  <i t="Find / Replace" l="20">
   <i t="Find String" l="20#wp1014687" />
   <i t="Replace With" l="20#wp1014689" />
   <i t="Find Next" l="20#wp1014691" />
   <i t="Find From Start" l="20#wp1014694" />
   <i t="Replace" l="20#wp1014696" />
   <i t="Replace/Find" l="20#wp1014698" />
   <i t="Find/Replace All" l="20#wp1014700" />
   <i t="Find/Replace To End" l="20#wp1014702" />
   <i t="Forward and Backward" l="20#wp1014704" />
   <i t="Ignore Case" l="20#wp1014710" />
   <i t="Process Backslashes As Escapes" l="20#wp1014713" />
   <i t="Escape Characters" l="20#wp1014717">
    <i t="Escape Sequences for Character and String Literals" l="20#wp1014720" />
   </i>
   <i t="Using Find/Replace" l="20#wp1014346" />
  </i>
  <i t="History comments" l="21">
   <i t="History comment configuration parameters" l="21#wp1019323" />
   <i t="Setting the history comment user name" l="21#wp1019295" />
   <i t="Setting the history comment tracking reference" l="21#wp1019300" />
   <i t="Adding history comments" l="21#wp1019374" />
   <i t="Removing history comments" l="21#wp1019412" />
  </i>
  <i t="Java package alias" l="22">
   <i t="Defining a Java package alias" l="22#wp1024220" />
  </i>
  <i t="System view diagrams" l="23">
   <i t="Creating a system view diagram" l="23#wp1024393" />
   <i t="Displaying a system view diagram" l="23#wp1024436" />
   <i t="Model inputs and outputs" l="23#wp1024879">
    <i t="Adding model inputs" l="23#wp1024907" />
    <i t="Adding model outputs" l="23#wp1024931" />
   </i>
   <i t="System view diagram elements" l="23#wp1024882">
    <i t="Adding elements to a system view diagram" l="23#wp1024481" />
    <i t="Displaying inputs to an element" l="23#wp1024492" />
    <i t="Displaying outputs from an element" l="23#wp1024497" />
    <i t="Displaying derived outputs from an element" l="23#wp1024505" />
    <i t="Displaying elements associated to an element" l="23#wp1024510" />
    <i t="Selecting elements" l="23#wp1024536" />
    <i t="Editing elements" l="23#wp1024547" />
    <i t="Expanding nodes" l="23#wp1024564" />
    <i t="Collapsing nodes" l="23#wp1024574" />
    <i t="Setting the node image" l="23#wp1024598" />
    <i t="Setting the node color" l="23#wp1024608" />
    <i t="Setting the connection line color" l="23#wp1024618" />
    <i t="Displaying element shadows" l="23#wp1024628" />
    <i t="Reverting to default settings for elements" l="23#wp1024637" />
    <i t="Removing elements from the diagram" l="23#wp1024646" />
    <i t="Removing artifacts from the model" l="23#wp1024660" />
   </i>
   <i t="Display settings" l="23#wp1024742">
    <i t="Changing the display size" l="23#wp1024750" />
    <i t="Setting the background color" l="23#wp1024758" />
    <i t="Setting the background image" l="23#wp1024764" />
    <i t="Resetting the background color to the default" l="23#wp1024770" />
    <i t="Displaying the grid" l="23#wp1024774" />
    <i t="Turning on snap to grid" l="23#wp1024781" />
    <i t="Displaying page breaks" l="23#wp1024785" />
   </i>
   <i t="Print facilities" l="23#wp1024796">
    <i t="Defining the page setup" l="23#wp1024798" />
    <i t="Defining the print scale" l="23#wp1024802" />
    <i t="Specifying printing options" l="23#wp1024812" />
    <i t="Creating a PDF document of the diagram" l="23#wp1025398" />
   </i>
  </i>
 </i>
 <i t="Information model" l="24">
  <i t="Master information model (MIM)" l="25">
   <i t="Creating a MIM" l="25#wp1002201" />
   <i t="Defining a MIM" l="25#wp1010326" />
  </i>
  <i t="Distinct information model (DIM)" l="26">
   <i t="Creating a DIM" l="26#wp1003346" />
   <i t="Defining a DIM" l="26#wp1010362" />
  </i>
  <i t="Classes" l="27">
   <i t="Database index" l="27#wp1010827">
    <i t="Creating a database index" l="27#wp1010836" />
   </i>
   <i t="Creating a MIM class" l="27#wp1002226" />
   <i t="Creating a DIM class" l="27#wp1007229" />
   <i t="Adding a new class to a diagram" l="27#wp1007253" />
   <i t="Adding an existing class to a diagram" l="27#wp1007506" />
   <i t="Adding a class to a classifier map" l="27#wp1007511" />
   <i t="Defining a class" l="27#wp1007504" />
  </i>
  <i t="Superclasses" l="28">
   <i t="Abstract class" l="28#wp1007835" />
   <i t="Designating a superclass for an artifact" l="28#wp1017655" />
   <i t="Designating a superclass in a class diagram" l="28#wp1007902" />
  </i>
  <i t="Attributes" l="29">
   <i t="Data type" l="29#wp1016815">
    <i t="Timestamp" l="29#wp1010203" />
   </i>
   <i t="Sequenceable attributes" l="29#wp1018333" />
   <i t="Defined POID attribute" l="29#wp1016249" />
   <i t="Defining attributes" l="29#wp1016302" />
  </i>
  <i t="Operations" l="30">
   <i t="Defining an operation" l="30#wp1043412">
    <i t="Operation to Initialize a Class Instance" l="30#wp1042014" />
   </i>
   <i t="Custom types" l="30#wp1045416">
    <i t="Determining where a custom type is used" l="30#wp1045471" />
   </i>
  </i>
  <i t="Data object set" l="31">
   <i t="Creating a data object set" l="31#wp1008456" />
   <i t="Creating a DOS for a Class" l="31#wp1008511" />
   <i t="Creating a DOS in the Data Transformation Editor" l="31#wp1010270" />
   <i t="Adding a DOS for a class" l="31#wp1008570" />
   <i t="Setting the DOS in a conversion" l="31#wp1008574" />
   <i t="Setting the DOS in a transformation map" l="31#wp1008663" />
   <i t="Defining a DOS" l="31#wp1008484" />
  </i>
  <i t="Factories" l="32">
   <i t="Creating a factory" l="32#wp1008788" />
   <i t="Defining a factory" l="32#wp1008803" />
  </i>
  <i t="Class diagrams" l="33">
   <i t="Creating a class diagram" l="33#wp1010880" />
   <i t="Defining a class diagram" l="33#wp1008952" />
   <i t="Displaying a class diagram" l="33#wp1002508" />
   <i t="Class diagram elements" l="33#wp1009021">
    <i t="Selecting elements" l="33#wp1009118" />
    <i t="Editing elements" l="33#wp1009134" />
    <i t="Expanding nodes" l="33#wp1009025" />
    <i t="Collapsing nodes" l="33#wp1002603" />
    <i t="Displaying connections" l="33#wp1002627" />
    <i t="Setting the node image" l="33#wp1009486" />
    <i t="Setting the node color" l="33#wp1009496" />
    <i t="Applying the shape style" l="33#wp1017463" />
    <i t="Applying the default shape style" l="33#wp1018323" />
    <i t="Setting the connection line color" l="33#wp1009506" />
    <i t="Displaying element shadows" l="33#wp1009515" />
    <i t="Reverting to default settings for elements" l="33#wp1009529" />
    <i t="Removing elements from the diagram" l="33#wp1009543" />
    <i t="Removing artifacts from the model" l="33#wp1009557" />
   </i>
   <i t="Display settings" l="33#wp1002703">
    <i t="Changing the diagram style" l="33#wp1002705" />
    <i t="Changing the display size" l="33#wp1017422" />
    <i t="Setting the background color" l="33#wp1002713" />
    <i t="Setting the background image" l="33#wp1009263" />
    <i t="Resetting the background color to the default" l="33#wp1009323" />
    <i t="Displaying the grid" l="33#wp1002755" />
    <i t="Turning on snap to grid" l="33#wp1002762" />
    <i t="Displaying page breaks" l="33#wp1002765" />
   </i>
   <i t="Print facilities" l="33#wp1002778">
    <i t="Defining the page setup" l="33#wp1009630" />
    <i t="Defining the print scale" l="33#wp1009641" />
    <i t="Specifying printing options" l="33#wp1009673" />
    <i t="Creating a PDF document of the diagram" l="33#wp1017385" />
   </i>
  </i>
  <i t="Associations" l="34">
   <i t="Multiplicity expressions" l="34#wp1012125" />
   <i t="Creating associations" l="34#wp1012250" />
   <i t="Creating associations in a class diagram" l="34#wp1009752" />
   <i t="Defining associations" l="34#wp1009794" />
  </i>
  <i t="Association classes" l="35">
   <i t="Creating an association class" l="35#wp1009884" />
   <i t="Creating an association class in a class diagram" l="35#wp1003037" />
   <i t="Defining an association class" l="35#wp1003089" />
  </i>
  <i t="Reflexive associations" l="36">
   <i t="Creating a reflexive association" l="36#wp1009953" />
   <i t="Viewing association chains" l="36#wp1040235" />
  </i>
  <i t="Legacy information model" l="37">
   <i t="Creating an LIM" l="37#wp1012964" />
   <i t="Defining an LIM" l="37#wp1013901" />
  </i>
  <i t="In-line SQL statements" l="38">
   <i t="Select statements" l="38#wp1013004">
    <i t="Using an in-line select statement" l="38#wp1013954" />
   </i>
   <i t="Execute statements" l="38#wp1013035">
    <i t="Using an in-line execute statement" l="38#wp1013046" />
   </i>
  </i>
  <i t="Statement objects" l="39">
   <i t="">
    <i t="Statement object SQL syntax" l="39#wp1014050" />
   </i>
   <i t="Select objects" l="39#wp1013069">
    <i t="Creating a select statement object" l="39#wp1013072" />
    <i t="Defining a select statement object" l="39#wp1014434" />
    <i t="Using a select statement object" l="39#wp1013091" />
   </i>
   <i t="Execute objects" l="39#wp1013127">
    <i t="Creating an execute statement object" l="39#wp1013130" />
    <i t="Defining an execute statement object" l="39#wp1014456" />
    <i t="Using an execute statement object" l="39#wp1013149" />
   </i>
   <i t="SQL block objects" l="39#wp1013186">
    <i t="Creating a block object" l="39#wp1014739" />
    <i t="Defining a block object" l="39#wp1014410" />
    <i t="Creating statement objects in a block object" l="39#wp1014608" />
    <i t="Adding statement objects to a block object" l="39#wp1013226" />
    <i t="Ordering statement objects in a block object" l="39#wp1013250" />
    <i t="Using a block object" l="39#wp1013256" />
   </i>
  </i>
  <i t="LIM activation" l="40">
   <i t="Activating an LIM" l="40#wp1014765" />
   <i t="Discover Tables" l="40#wp1013290">
    <i t="Discovering LIM tables" l="40#wp1014797" />
   </i>
   <i t="Activate tables" l="40#wp1013309">
    <i t="Activating tables" l="40#wp1015241" />
    <i t="Deactivating tables" l="40#wp1015197" />
   </i>
   <i t="Activated table actions" l="40#wp1013356">
    <i t="Creating actions for an activated table" l="40#wp1013362" />
    <i t="Activation Configuration Parameters" l="40#wp1084841" />
   </i>
  </i>
  <i t="Custom queries" l="41">
   <i t="Creating a custom query" l="41#wp1013583" />
   <i t="Defining a custom query" l="41#wp1015272" />
   <i t="Custom query attributes" l="41#wp1013595">
    <i t="Creating custom query attributes" l="41#wp1013597" />
   </i>
   <i t="Arguments" l="41#wp1015366">
    <i t="Creating custom query arguments" l="41#wp1013633" />
   </i>
   <i t="Conditions" l="41#wp1013645">
    <i t="Defining a custom query condition" l="41#wp1013652" />
   </i>
   <i t="Relations" l="41#wp1013663">
    <i t="Defining relations in a custom query" l="41#wp1015599" />
   </i>
   <i t="Other clauses" l="41#wp1013695">
    <i t="Defining other clauses in a custom query" l="41#wp1015653" />
   </i>
   <i t="Verify SQL" l="41#wp1013713">
    <i t="Verifying the generated SQL" l="41#wp1015678" />
   </i>
   <i t="Custom query example" l="41#wp1013734">
    <i t="Model objects" l="41#wp1013750" />
    <i t="Running the sample model" l="41#wp1013781" />
   </i>
  </i>
  <i t="XSD artifacts" l="42">
   <i t="Creating an XSD artifact" l="42#wp1016858" />
   <i t="Imported XSD" l="42#wp1016878">
    <i t="Loading an XSD" l="42#wp1016899" />
   </i>
   <i t="XSD artifacts in action semantics" l="42#wp1017316">
    <i t="Read XML" l="42#wp1016919" />
    <i t="Write XML" l="42#wp1016942" />
    <i t="Associations for sub elements" l="42#wp1016957" />
   </i>
  </i>
 </i>
 <i t="Message model" l="43">
  <i t="Events" l="44">
   <i t="Standard event" l="44#wp1001415">
    <i t="Abstract event" l="44#wp1016705" />
    <i t="Internal event" l="44#wp1016706" />
    <i t="Creating a standard event" l="44#wp1016200" />
    <i t="Creating a standard event in a conversion" l="44#wp1007929" />
    <i t="Setting a standard event in a conversion" l="44#wp1007979" />
    <i t="Defining a standard event" l="44#wp1007895" />
   </i>
   <i t="DOS event" l="44#wp1007922">
    <i t="Creating a DOS event" l="44#wp1001821" />
    <i t="Creating a DOS event in a conversion" l="44#wp1008115" />
    <i t="Setting a DOS event in a conversion" l="44#wp1008134" />
    <i t="Defining a DOS event" l="44#wp1004900" />
   </i>
   <i t="Time event" l="44#wp1005481">
    <i t="Time expression" l="44#wp1037755" />
    <i t="Time value configuration parameter" l="44#wp1037798" />
    <i t="Time Expression Override" l="44#wp1039558" />
    <i t="Creating a time event" l="44#wp1008178" />
   </i>
  </i>
  <i t="Start object" l="45">
   <i t="Designating the start object" l="45#wp1001974" />
  </i>
  <i t="Conversions" l="46">
   <i t="Event conversions" l="46#wp1002727">
    <i t="M2E conversion" l="46#wp1002741" />
    <i t="E2M conversion" l="46#wp1002947" />
   </i>
   <i t="DOS conversions" l="46#wp1003159">
    <i t="M2D conversion" l="46#wp1003162" />
    <i t="D2M conversion" l="46#wp1003399" />
   </i>
   <i t="Conversion actions" l="46#wp1016050">
    <i t="Pre- and post-conversion actions" l="46#wp1016076" />
    <i t="Default conversion" l="46#wp1016087" />
    <i t="Business object locator" l="46#wp1016101" />
    <i t="DOS populator" l="46#wp1016128" />
   </i>
   <i t="Applicability test" l="46#wp1009001">
    <i t="Defining an applicability test" l="46#wp1009364" />
   </i>
   <i t="Destinations" l="46#wp1009424">
    <i t="Creating a destination" l="46#wp1009431" />
    <i t="Creating a destination in a conversion" l="46#wp1009896" />
    <i t="Setting a destination in a conversion" l="46#wp1009901" />
    <i t="Defining a destination" l="46#wp1009452" />
   </i>
  </i>
  <i t="Messages" l="47">
   <i t="JMS messages" l="47#wp1012922" />
   <i t="Web service messages" l="47#wp1012893" />
   <i t="Creating a message" l="47#wp1004096" />
   <i t="Creating a message in a conversion" l="47#wp1012586" />
   <i t="Creating a message in a web service" l="47#wp1012632" />
   <i t="Setting a message in a conversion" l="47#wp1012663" />
   <i t="Setting a message in a web service" l="47#wp1012672" />
   <i t="Defining a message" l="47#wp1004114" />
  </i>
 </i>
 <i t="Behavior model" l="48">
  <i t="Transactions" l="49" />
  <i t="State machine" l="50">
   <i t="">
    <i t="State machine editor features" l="50#wp1038519" />
   </i>
   <i t="Creating a state machine" l="50#wp1001710" />
   <i t="Defining behavior artifacts automatically" l="50#wp1003848" />
   <i t="Defining behavior artifacts manually" l="50#wp1016851">
    <i t="Defining a state machine" l="50#wp1016875" />
   </i>
  </i>
  <i t="States" l="51">
   <i t="Initial state" l="51#wp1004573" />
   <i t="Simple state" l="51#wp1004629" />
   <i t="Sequential composite state" l="51#wp1004633">
    <i t="Creating a sequential composite state" l="51#wp1011636" />
   </i>
   <i t="Concurrent composite state" l="51#wp1004589">
    <i t="Creating a concurrent composite state" l="51#wp1011688" />
   </i>
   <i t="Replicate state" l="51#wp1011597">
    <i t="Creating a replicate state" l="51#wp1011745" />
   </i>
   <i t="Final state" l="51#wp1004571" />
   <i t="Placing states in a state machine" l="51#wp1001780" />
   <i t="Defining states" l="51#wp1003967" />
   <i t="Setting states from within transitions" l="51#wp1011432" />
   <i t="Editing states from within transitions" l="51#wp1011461" />
   <i t="State actions" l="51#wp1001815">
    <i t="Creating state actions" l="51#wp1004193" />
   </i>
   <i t="Transformation" l="51#wp1004013">
    <i t="Creating a transformation unit in a simple state" l="51#wp1004313" />
    <i t="Setting a transformation unit in a simple state" l="51#wp1004018" />
   </i>
  </i>
  <i t="Transitions" l="52">
   <i t="Creating transitions between states" l="52#wp1005649" />
   <i t="Creating a circular transition" l="52#wp1005657" />
   <i t="Defining a transition" l="52#wp1005666" />
   <i t="Event trigger" l="52#wp1005260">
    <i t="Creating a trigger event in a transition" l="52#wp1005291" />
    <i t="Setting a trigger event in a transition" l="52#wp1005433" />
   </i>
   <i t="Guard condition" l="52#wp1005188">
    <i t="Creating a guard condition" l="52#wp1005577" />
   </i>
   <i t="Effect action" l="52#wp1005567">
    <i t="Creating an effect action" l="52#wp1005740" />
   </i>
  </i>
  <i t="Start event" l="53">
   <i t="Creating a start event in a class or factory" l="53#wp1004462" />
   <i t="Adding a start event to a class or factory" l="53#wp1004464" />
  </i>
  <i t="Batch processing" l="54">
   <i t="Limitations" l="54#wp1009380" />
   <i t="BusinessObjectsBatch" l="54#wp1007688" />
   <i t="newBatchFor" l="54#wp1007697" />
   <i t="State variable" l="54#wp1007755">
    <i t="Set the state variable" l="54#wp1007761" />
    <i t="Get the state variable" l="54#wp1007765" />
    <i t="Get the batch" l="54#wp1007773" />
   </i>
  </i>
  <i t="Batch processing example" l="55">
   <i t="Model objects" l="55#wp1007794">
    <i t="Subscriber class" l="55#wp1007802" />
    <i t="FindSubscriberM2E" l="55#wp1007813" />
    <i t="FindSubscriberEvent" l="55#wp1007821" />
    <i t="FindSubscriber behavior" l="55#wp1007828" />
   </i>
   <i t="Batch processing actions" l="55#wp1007835">
    <i t="CreateBatch" l="55#wp1007838" />
    <i t="ProcessBatch" l="55#wp1007858" />
    <i t="DeleteBatch" l="55#wp1007874" />
   </i>
   <i t="Running the batch processing example" l="55#wp1007877" />
  </i>
 </i>
 <i t="Transformation model" l="56">
  <i t="Opaque transformation map" l="57">
   <i t="Creating an opaque transformation map" l="57#wp1003528" />
   <i t="Creating an opaque transformation map in the Data Transformation Editor" l="57#wp1009354" />
   <i t="Defining an opaque transformation map" l="57#wp1001820" />
  </i>
  <i t="Transformation map" l="58">
   <i t="Creating a transformation map" l="58#wp1006614" />
   <i t="Creating a transformation map in the Data Transformation Editor" l="58#wp1009393" />
   <i t="Creating a transformation map in a classifier map" l="58#wp1006652" />
   <i t="Adding a classifier map to a transformation map" l="58#wp1012221" />
   <i t="Defining a transformation map" l="58#wp1006618" />
   <i t="Classifier map" l="58#wp1006441">
    <i t="Creating a classifier map" l="58#wp1006747" />
    <i t="Creating a classifier map in a transformation map" l="58#wp1006751" />
    <i t="Creating a classifier map in the Data Transformation Editor" l="58#wp1012384" />
    <i t="Adding a classifier map to a transformation map" l="58#wp1006755" />
    <i t="Setting a classifier map in the Data Transformation Editor" l="58#wp1009586" />
    <i t="Defining a classifier map" l="58#wp1009526" />
    <i t="Feature map usage" l="58#wp1006483" />
    <i t="Classifier feature map usage" l="58#wp1007988" />
   </i>
   <i t="Feature map" l="58#wp1008003">
    <i t="Creating a feature map" l="58#wp1001970" />
    <i t="Creating a feature map in a feature map usage" l="58#wp1007665" />
    <i t="Creating a feature map in the Data Transformation Editor" l="58#wp1012411" />
    <i t="Setting a feature map in a feature map usage" l="58#wp1007672" />
    <i t="Setting a feature map in the Data Transformation Editor" l="58#wp1012375" />
    <i t="Defining a feature map" l="58#wp1007654" />
   </i>
   <i t="Classifier feature map" l="58#wp1002005">
    <i t="Creating a classifier feature map" l="58#wp1007877" />
    <i t="Creating a classifier feature map in a classifier feature map usage" l="58#wp1007895" />
    <i t="Creating a classifier feature map in the Data Transformation Editor" l="58#wp1012438" />
    <i t="Setting a classifier feature map in a classifier feature map usage" l="58#wp1007827" />
    <i t="Setting a classifier feature map in the Data Transformation Editor" l="58#wp1009723" />
    <i t="Defining a classifier feature map" l="58#wp1007884" />
   </i>
  </i>
  <i t="Transformation Chain" l="59">
   <i t="Rules for transformation chains" l="59#wp1008121" />
   <i t="Transformation chain M2D" l="59#wp1008159" />
   <i t="Transformation chain D2M" l="59#wp1008183" />
   <i t="Serial transformation chains" l="59#wp1002341">
    <i t="Creating a serial transformation chain" l="59#wp1002363" />
    <i t="Defining a serial transformation chain" l="59#wp1008320" />
   </i>
   <i t="Parallel transformation chains" l="59#wp1002404">
    <i t="Creating a parallel transformation chain" l="59#wp1002420" />
    <i t="Defining a parallel transformation chain" l="59#wp1008468" />
   </i>
   <i t="Creating a transformation chain in an M2D conversion" l="59#wp1008442" />
   <i t="Creating a transformation chain in a D2M conversion" l="59#wp1008583" />
   <i t="Setting a transformation chain in an M2D conversion" l="59#wp1008452" />
   <i t="Adding a transformation chain to a D2M conversion" l="59#wp1008457" />
   <i t="Creating transformation units in a transformation chain" l="59#wp1002464" />
   <i t="Adding transformation units to a transformation chain" l="59#wp1008742" />
   <i t="Setting the order of transformation units" l="59#wp1008349" />
  </i>
  <i t="Data Transformation Editor" l="60">
   <i t="Panel function buttons" l="60#wp1012353">
    <i t="DIM/MIM Classes panel" l="60#wp1002804" />
    <i t="DOS panel" l="60#wp1002809" />
    <i t="Transforms panel" l="60#wp1002815" />
   </i>
   <i t="Panel Menus" l="60#wp1002829">
    <i t="DIM/MIM Classes panel" l="60#wp1002832" />
    <i t="DOS panel" l="60#wp1002852" />
    <i t="Transforms panel" l="60#wp1002866" />
   </i>
   <i t="Running the Data Transformation Editor" l="60#wp1002887" />
   <i t="Viewing data transformations with the Data Transformation Editor" l="60#wp1002904" />
   <i t="Creating a transformation with the Data Transformation Editor" l="60#wp1009092" />
   <i t="Selecting the participating DIM/MIM in the Data Transformation Editor" l="60#wp1009105" />
  </i>
 </i>
 <i t="Web Services Model" l="61">
  <i t="Modeling SOAP Inbound Web Services" l="62">
   <i t="Creating an inbound web service" l="62#wp1014397" />
   <i t="Defining an inbound web service" l="62#wp1003901" />
   <i t="Web service action" l="62#wp1001740">
    <i t="Defining web service actions" l="62#wp1003975" />
   </i>
   <i t="IWS parameters" l="62#wp1001759">
    <i t="Argument decoding and result encoding" l="62#wp1001761" />
    <i t="XSD fragment" l="62#wp1011734" />
    <i t="Result top level element" l="62#wp1001784" />
    <i t="Omit nulls in result" l="62#wp1001788" />
    <i t="Complex type support" l="62#wp1011783" />
   </i>
   <i t="IWS deployment" l="62#wp1001792">
    <i t="Creating an IWS deployment" l="62#wp1004175" />
    <i t="Adding an IWS deployment to a handler chain" l="62#wp1006778" />
    <i t="Defining an IWS deployment" l="62#wp1004453" />
    <i t="Adding an inbound web service to a deployment (from the deployment)" l="62#wp1004267" />
    <i t="Adding an inbound web service to a deployment (from the web service)" l="62#wp1001797" />
    <i t="Updating deployment operations" l="62#wp1001879" />
   </i>
   <i t="Defining the IWS arguments and results messages" l="62#wp1018392" />
  </i>
  <i t="Inbound web service invocation" l="63">
   <i t="callXIWS" l="63#wp1002011">
    <i t="Endpoint" l="63#wp1002043" />
   </i>
   <i t="Invocation example" l="63#wp1002047">
    <i t="Action script" l="63#wp1002063" />
    <i t="Running the example" l="63#wp1002066" />
   </i>
  </i>
  <i t="Outbound web services" l="64">
   <i t="Automatic WSDL import" l="64#wp1002245">
    <i t="Importing a WSDL from a URL" l="64#wp1002253" />
    <i t="Importing a WSDL from a file" l="64#wp1005138" />
    <i t="Testing an outbound web service" l="64#wp1005461" />
   </i>
   <i t="Outbound web service artifacts" l="64#wp1002278">
    <i t="Creating an outbound web service manually" l="64#wp1002280" />
    <i t="Defining an outbound web service" l="64#wp1005214" />
    <i t="OWS deployment" l="64#wp1005262" />
    <i t="Adding an OWS deployment to a handler chain" l="64#wp1006866" />
    <i t="OWS WSDL" l="64#wp1002408" />
    <i t="OWS operation" l="64#wp1005343" />
   </i>
  </i>
  <i t="Outbound web service invocation" l="65">
   <i t="callOWS" l="65#wp1002613" />
   <i t="DOM Document object" l="65#wp1002642">
    <i t="XmlLoad()" l="65#wp1002645" />
    <i t="XmlGetString()" l="65#wp1002649" />
   </i>
   <i t="Outbound web service example" l="65#wp1002658">
    <i t="Model objects" l="65#wp1002679" />
    <i t="Actions script" l="65#wp1002688" />
   </i>
   <i t="Example execution" l="65#wp1006432">
    <i t="Running the example with Cogility Web Service Exerciser" l="65#wp1002733" />
    <i t="Running the example with Cogility Action Pad" l="65#wp1002781" />
   </i>
  </i>
  <i t="Web service handlers" l="66">
   <i t="Creating a handler chain" l="66#wp1007451" />
   <i t="Setting a handler chain" l="66#wp1007461" />
   <i t="Adding a web service to a handler chain" l="66#wp1007471" />
   <i t="Defining a handler chain" l="66#wp1007484" />
   <i t="Handler objects" l="66#wp1007511">
    <i t="Creating a handler" l="66#wp1007526" />
    <i t="Adding handlers to a chain" l="66#wp1007535" />
    <i t="Defining a handler" l="66#wp1007545" />
    <i t="Setting the order of handlers in handler chains" l="66#wp1007580" />
   </i>
   <i t="Request and response actions" l="66#wp1007588">
    <i t="Creating request and response actions" l="66#wp1007595" />
   </i>
  </i>
  <i t="SOAP versus HTTP" l="67">
   <i t="Inbound web services using SOAP over HTTP" l="67#wp1046485" />
   <i t="Inbound web services using HTTP" l="67#wp1046493" />
  </i>
  <i t="Interchanging HTTP and SOAP Web Services" l="68" />
  <i t="Modeling HTTP operations inbound web services" l="69">
   <i t="REST versus RPC Architecture" l="69#wp1046952" />
   <i t="&quot;relativeURL&quot; attribute for HTTP Web Services" l="69#wp1046956" />
   <i t="Data Format for HTTP web services" l="69#wp1046974">
    <i t="Complex Data Payloads" l="69#wp1046976" />
   </i>
   <i t="OCL Syntax" l="69#wp1046998" />
   <i t="Creating an inbound HTTP web service" l="69#wp1047002" />
   <i t="Defining an HTTP inbound web service" l="69#wp1047019" />
  </i>
  <i t="HTTP Deployment" l="70">
   <i t="Creating an HTTP deployment" l="70#wp1047286" />
   <i t="Defining an HTTP deployment" l="70#wp1047304" />
  </i>
 </i>
 <i t="HTML Views and Charts" l="71">
  <i t="HTML Views" l="71#wp1027214">
   <i t="Defining the HTML" l="71#wp1040772" />
   <i t="Actions" l="71#wp1040880">
    <i t="var and HTML constructs" l="71#wp1037429" />
    <i t="table construct" l="71#wp1037386" />
   </i>
   <i t="HTMLTable" l="71#wp1026971" />
   <i t="Sorting table rows and columns" l="71#wp1027146" />
   <i t="Cell Area Definition" l="71#wp1037172" />
   <i t=" Creating an HTML view" l="71#wp1037152">
    <i t="Adding HTML to an HTML View" l="71#wp1035816" />
    <i t="Adding actions to an HTML View" l="71#wp1032705" />
   </i>
   <i t="Creating an HTML table" l="71#wp1032712" />
   <i t="Creating an HTML table template" l="71#wp1032725" />
   <i t="Creating an HTML table cell template" l="71#wp1032739" />
  </i>
  <i t="Chart View" l="72">
   <i t="Creating a chart view" l="72#wp1032135">
    <i t="Adding Actions to a Chart View" l="72#wp1031256" />
    <i t="Adding categories to a chart" l="72#wp1032244" />
    <i t="Drilling down in a chart view" l="72#wp1027307" />
   </i>
  </i>
 </i>
 <i t="Deployment Model" l="73">
  <i t="Default Deployment Model" l="74">
   <i t="Editing the default deployment model" l="74#wp1156627" />
  </i>
  <i t="Creating a deployment model" l="75">
   <i t="Deployments" l="75#wp1156541">
    <i t="Adding a deployment" l="75#wp1022714" />
   </i>
   <i t="Database artifact" l="75#wp1035969">
    <i t="Creating the database artifact" l="75#wp1022847" />
    <i t="Setting the database artifact" l="75#wp1022851" />
    <i t="Defining the database artifact" l="75#wp1022215" />
    <i t="Testing the database connection" l="75#wp1023408" />
   </i>
   <i t="Application server artifact" l="75#wp1022216">
    <i t="Creating an application server artifact" l="75#wp1023165" />
    <i t="Setting the application server artifact" l="75#wp1022879" />
    <i t="Defining a WebLogic application server artifact" l="75#wp1023505" />
    <i t="Defining a WebSphere 6.1 application server artifact" l="75#wp1023377" />
    <i t="Defining an Oracle 10g application server" l="75#wp1024211" />
   </i>
   <i t="Auxiliary Web Applications" l="75#wp1165600" />
   <i t="Multiple Application Server Deployment" l="75#wp1059248" />
   <i t="Topic to Queue Routing" l="75#wp1165599" />
   <i t="Switching Between Target Deployment Environments" l="75#wp1158956" />
   <i t="Run-time respiratory" l="75#wp1164075">
    <i t="Dropping the database tables" l="75#wp1016950" />
   </i>
   <i t="Deployment preparation" l="75#wp1015711">
    <i t="Inconsistencies" l="75#wp1015753" />
    <i t="Non-additive model" l="75#wp1017009" />
   </i>
   <i t="Application server" l="75#wp1018062">
    <i t="Starting the application server" l="75#wp1018092" />
    <i t="Stopping the application server" l="75#wp1018155" />
   </i>
   <i t="Previewing a push" l="75#wp1017020" />
   <i t="Pushing the model into execution" l="75#wp1153644" />
  </i>
 </i>
</WebWorksHelpTOC>
