<?xml version='1.0' encoding='ISO-8859-1' ?>

<WebWorksHelpIX version="4.0">
 <g t="A" o="002">
  <i t="abs">
   <j l="131" />
  </i>
  <i t="absolute value, determining">
   <j l="131" />
  </i>
  <i t="action pad">
   <i t="option">
    <i t="pause">
     <j l="119" />
    </i>
   </i>
  </i>
  <i t="action semantics">
   <i t="basic syntax">
    <j l="5" />
   </i>
   <i t="definition">
    <j l="3#wp1021136" />
   </i>
   <i t="variable assignments">
    <j l="7" />
   </i>
   <i t="variable declarations">
    <j l="6" />
   </i>
  </i>
  <i t="Action semantics">
   <i t="definition">
    <j l="3" />
    <j l="3" />
   </i>
  </i>
  <i t="activated table">
   <i t="newRow">
    <j l="29" />
   </i>
   <i t="row">
    <j l="35" />
   </i>
  </i>
  <i t="Arithmetic operators">
   <j l="13" />
  </i>
  <i t="association">
   <i t="create">
    <j l="106" />
   </i>
   <i t="delete">
    <j l="95" />
   </i>
   <i t="locate single target">
    <i t="WalkAssoc">
     <j l="62" />
    </i>
   </i>
  </i>
  <i t="association class">
   <i t="create">
    <j l="106" />
   </i>
   <i t="delete">
    <j l="95" />
   </i>
   <i t="dump values">
    <j l="97" />
   </i>
   <i t="get link object targets">
    <j l="128" />
   </i>
   <i t="locate single target">
    <i t="WalkAssoc">
     <j l="62" />
    </i>
   </i>
  </i>
 </g>
 <g t="B" o="002">
  <i t="boPoid">
   <j l="17" />
  </i>
  <i t="bound variable">
   <i t="boPoid">
    <j l="17" />
   </i>
   <i t="dos">
    <j l="18" />
   </i>
   <i t="drilledDownFromCat1Name">
    <j l="19" />
   </i>
   <i t="drilledDownFromCat2Name">
    <j l="20" />
   </i>
   <i t="drilledDownFromChartName">
    <j l="21" />
   </i>
   <i t="drilledDownFromFullChartName">
    <j l="22" />
   </i>
   <i t="event">
    <j l="23" />
   </i>
   <i t="input">
    <j l="24" />
    <j l="24" />
   </i>
   <i t="jmsMapMessage">
    <j l="25" />
   </i>
   <i t="mapMessageDef">
    <j l="25" />
   </i>
   <i t="message">
    <j l="26#wp1053230" />
   </i>
   <i t="messageContext">
    <j l="28" />
   </i>
   <i t="messageDef">
    <j l="28" />
   </i>
   <i t="newRow">
    <j l="29" />
   </i>
   <i t="output">
    <j l="32" />
   </i>
   <i t="parent">
    <j l="33" />
   </i>
   <i t="ReplicateName_ID">
    <j l="34" />
   </i>
   <i t="row">
    <j l="35" />
   </i>
   <i t="self">
    <j l="36" />
   </i>
   <i t="smPoid">
    <j l="37" />
   </i>
   <i t="sourceState">
    <j l="40" />
   </i>
   <i t="startEvent">
    <j l="41" />
   </i>
   <i t="state">
    <j l="42" />
   </i>
   <i t="targetState">
    <j l="45" />
   </i>
  </i>
  <i t="business object">
   <i t="association test">
    <j l="100" />
   </i>
   <i t="boPoid">
    <j l="17" />
   </i>
   <i t="countAll">
    <j l="93" />
   </i>
   <i t="create">
    <j l="105" />
   </i>
   <i t="delete">
    <j l="94" />
   </i>
   <i t="deleteAll">
    <j l="96" />
   </i>
   <i t="dump values">
    <j l="97" />
   </i>
   <i t="get type name">
    <j l="118" />
   </i>
   <i t="locate">
    <j l="102" />
   </i>
   <i t="locate all">
    <j l="103" />
   </i>
   <i t="LocateByIdentity">
    <j l="55" />
   </i>
   <i t="SortBusinessObjects">
    <j l="61" />
   </i>
  </i>
 </g>
 <g t="C" o="002">
  <i t="callHTTPIWS DELETE at">
   <j l="85" />
  </i>
  <i t="callHTTPIWS GET at">
   <j l="86" />
  </i>
  <i t="callHTTPIWS POST at">
   <j l="87" />
  </i>
  <i t="callHTTPIWS PUT at">
   <j l="88" />
  </i>
  <i t="callIWS">
   <j l="89" />
  </i>
  <i t="callOWS at">
   <j l="90" />
   <j l="90" />
  </i>
  <i t="callXIWS at">
   <j l="92" />
   <j l="92" />
  </i>
  <i t="catch">
   <j l="126" />
  </i>
  <i t="chart view">
   <i t="drilledDownFromCat1Name">
    <j l="19" />
   </i>
   <i t="drilledDownFromCat2Name">
    <j l="20" />
   </i>
   <i t="drilledDownFromChartName">
    <j l="21" />
   </i>
   <i t="drilledDownFromFullChartName">
    <j l="22" />
   </i>
  </i>
  <i t="collect">
   <j l="129#wp1036618" />
  </i>
  <i t="collection operations">
   <j l="129" />
   <i t="collect">
    <j l="129#wp1036618" />
   </i>
   <i t="detect">
    <j l="129#wp1036653" />
   </i>
   <i t="exists">
    <j l="129#wp1036680" />
   </i>
   <i t="forAll">
    <j l="129#wp1036699" />
   </i>
   <i t="iterate">
    <j l="129#wp1036723" />
   </i>
   <i t="reject">
    <j l="129#wp1036757" />
   </i>
  </i>
  <i t="comments">
   <j l="5" />
  </i>
  <i t="concat">
   <j l="132" />
  </i>
  <i t="countAll">
   <j l="93" />
  </i>
  <i t="CreateInstanceOfXSDType">
   <j l="48" />
  </i>
  <i t="custom query">
   <i t="alias">
    <j l="145#wp1006932" />
   </i>
   <i t="outer join">
    <j l="145#wp1007352" />
   </i>
   <i t="shorthand">
    <j l="145#wp1004521" />
   </i>
  </i>
 </g>
 <g t="D" o="002">
  <i t="DebugPrintln">
   <j l="49" />
  </i>
  <i t="del">
   <j l="94" />
  </i>
  <i t="del to">
   <j l="95" />
  </i>
  <i t="DELETE">
   <i t="callHTTPIWS">
    <j l="85" />
   </i>
  </i>
  <i t="deleteAll">
   <j l="96" />
  </i>
  <i t="detect">
   <j l="129#wp1036653" />
  </i>
  <i t="direct sql">
   <i t="DirectSQLString">
    <j l="144#wp1002252" />
   </i>
   <i t="Limitations">
    <j l="144#wp1001643" />
   </i>
   <i t="sqloperators">
    <j l="144#wp1008299" />
   </i>
  </i>
  <i t="div">
   <j l="133" />
  </i>
  <i t="dos">
   <j l="18" />
  </i>
  <i t="drilledDownFromCat1Name">
   <j l="19" />
  </i>
  <i t="drilledDownFromCat2Name">
   <j l="20" />
  </i>
  <i t="drilledDownFromChartName">
   <j l="21" />
  </i>
  <i t="drilledDownFromFullChartName">
   <j l="22" />
  </i>
  <i t="dump">
   <j l="97" />
   <i t="AllAttrs">
    <j l="97#wp1029741" />
   </i>
   <i t="AllRoles">
    <j l="97#wp1029741" />
   </i>
  </i>
  <i t="dump variables">
   <j l="119" />
  </i>
  <i t="DumpDataToFile">
   <j l="50" />
  </i>
 </g>
 <g t="E" o="002">
  <i t="else">
   <j l="99" />
  </i>
  <i t="elseif">
   <j l="99" />
  </i>
  <i t="event">
   <j l="23" />
  </i>
  <i t="event object">
   <i t="create">
    <j l="105" />
   </i>
  </i>
  <i t="ExecuteOCLScript">
   <j l="51" />
  </i>
  <i t="executeSQL">
   <j l="98" />
  </i>
  <i t="exists">
   <j l="129#wp1036680" />
  </i>
 </g>
 <g t="F" o="002">
  <i t="floor">
   <j l="134" />
  </i>
  <i t="forAll">
   <j l="129#wp1036699" />
  </i>
 </g>
 <g t="G" o="002">
  <i t="GET">
   <i t="callHTTPIWS">
    <j l="86" />
   </i>
  </i>
  <i t="GetExtendedStateData">
   <j l="52" />
  </i>
  <i t="global user cache">
   <i t="definition">
    <j l="150" />
   </i>
   <i t="methods">
    <j l="150#wp1004708" />
   </i>
  </i>
 </g>
 <g t="H" o="002">
  <i t="HTTPIWS">
   <i t="DELETE">
    <j l="85" />
   </i>
   <i t="GET">
    <j l="86" />
   </i>
   <i t="POST">
    <j l="87" />
   </i>
   <i t="PUT">
    <j l="88" />
   </i>
  </i>
 </g>
 <g t="I" o="002">
  <i t="if-then statement">
   <j l="99" />
  </i>
  <i t="inbound web service">
   <i t="callXIWS at">
    <j l="92" />
   </i>
   <i t="invocation">
    <i t="callIWS">
     <j l="89" />
    </i>
    <i t="callXIWS at">
     <j l="92" />
    </i>
   </i>
  </i>
  <i t="input">
   <j l="24" />
   <j l="24" />
  </i>
  <i t="isAssociated">
   <j l="100" />
  </i>
  <i t="iterate">
   <j l="129#wp1036723" />
  </i>
 </g>
 <g t="J" o="002">
  <i t="java">
   <i t="java action">
    <j l="101" />
   </i>
   <i t="keyword">
    <j l="101" />
   </i>
  </i>
  <i t="java action">
   <i t="CreateInstanceOfXSDType">
    <j l="48" />
   </i>
   <i t="custom">
    <j l="79" />
   </i>
   <i t="DebugPrintln">
    <j l="49" />
   </i>
   <i t="definition">
    <j l="46" />
   </i>
   <i t="DumpDataToFile">
    <j l="50" />
   </i>
   <i t="ExecuteOCLScript">
    <j l="51" />
   </i>
   <i t="GetExtendedStateData">
    <j l="52" />
   </i>
   <i t="LocateByIdentity">
    <j l="55" />
   </i>
   <i t="LockBusinessObject_Oracle">
    <j l="56" />
   </i>
   <i t="Println">
    <j l="57" />
   </i>
   <i t="SendEmail">
    <j l="58" />
   </i>
   <i t="SetExtendedStateData">
    <j l="60" />
   </i>
   <i t="SortBusinessObjects">
    <j l="61" />
   </i>
   <i t="WalkAssoc">
    <j l="62" />
   </i>
   <i t="XmlDec">
    <j l="63" />
   </i>
   <i t="XmlEnc">
    <j l="64" />
   </i>
   <i t="XmlGetBoolean">
    <j l="65" />
   </i>
   <i t="XmlGetByte">
    <j l="66" />
   </i>
   <i t="XmlGetDouble">
    <j l="67" />
   </i>
   <i t="XmlGetFloat">
    <j l="68" />
   </i>
   <i t="XmlGetInteger">
    <j l="69" />
   </i>
   <i t="XmlGetLong">
    <j l="70" />
   </i>
   <i t="XmlGetNodeCount">
    <j l="71" />
   </i>
   <i t="XmlGetNodeFromNodeList">
    <j l="72" />
   </i>
   <i t="XmlGetNodeList">
    <j l="73" />
   </i>
   <i t="XmlGetShort">
    <j l="74" />
   </i>
   <i t="XmlGetString">
    <j l="75" />
   </i>
   <i t="XmlLoad">
    <j l="76" />
   </i>
   <i t="XmlToString">
    <j l="77" />
   </i>
   <i t="xslTransformString">
    <j l="78" />
   </i>
  </i>
 </g>
 <g t="K" o="002">
  <i t="keyword">
   <i t="callHTTPIWS DELETE at">
    <j l="85" />
   </i>
   <i t="callHTTPIWS GET at">
    <j l="86" />
   </i>
   <i t="callHTTPIWS POST at">
    <j l="87" />
   </i>
   <i t="callHTTPIWS PUT at">
    <j l="88" />
   </i>
   <i t="callIWS">
    <j l="89" />
   </i>
   <i t="callOWS at">
    <j l="90" />
    <j l="90" />
   </i>
   <i t="callXIWS at">
    <j l="92" />
    <j l="92" />
   </i>
   <i t="collect">
    <j l="129#wp1036618" />
   </i>
   <i t="countAll">
    <j l="93" />
   </i>
   <i t="del">
    <j l="94" />
   </i>
   <i t="del to">
    <j l="95" />
   </i>
   <i t="deleteAll">
    <j l="96" />
   </i>
   <i t="detect">
    <j l="129#wp1036653" />
   </i>
   <i t="dump">
    <j l="97" />
   </i>
   <i t="executeSQL">
    <j l="98" />
   </i>
   <i t="exists">
    <j l="129#wp1036680" />
   </i>
   <i t="forAll">
    <j l="129#wp1036699" />
   </i>
   <i t="if elseif else endif">
    <j l="99" />
   </i>
   <i t="isAssociated">
    <j l="100" />
   </i>
   <i t="iterate">
    <j l="129#wp1036723" />
   </i>
   <i t="java">
    <j l="101" />
   </i>
   <i t="locate">
    <j l="102" />
   </i>
   <i t="locateAll orderedBy">
    <j l="103" />
   </i>
   <i t="loop do endloop">
    <j l="104" />
   </i>
   <i t="new">
    <j l="105" />
   </i>
   <i t="new to">
    <j l="106" />
   </i>
   <i t="oclAsType">
    <j l="109" />
   </i>
   <i t="oclCommit">
    <j l="110" />
   </i>
   <i t="oclDebugPrintln">
    <j l="111" />
   </i>
   <i t="oclIsKindOf">
    <j l="112" />
   </i>
   <i t="oclMaxLenOf">
    <j l="114" />
   </i>
   <i t="oclPerform">
    <j l="115" />
   </i>
   <i t="oclPrintln">
    <j l="116" />
   </i>
   <i t="oclRollBack">
    <j l="117" />
   </i>
   <i t="oclTypeName">
    <j l="118" />
   </i>
   <i t="pause">
    <j l="119" />
   </i>
   <i t="publish do">
    <j l="120" />
   </i>
   <i t="query">
    <j l="122" />
   </i>
   <i t="reject">
    <j l="129#wp1036757" />
   </i>
   <i t="return">
    <j l="123" />
   </i>
   <i t="selectSQL">
    <j l="124" />
   </i>
   <i t="super">
    <j l="125" />
   </i>
   <i t="throw">
    <j l="127" />
   </i>
   <i t="try catch endtry">
    <j l="126" />
   </i>
  </i>
 </g>
 <g t="L" o="002">
  <i t="locate">
   <j l="102" />
  </i>
  <i t="locateAll orderedBy">
   <j l="103" />
  </i>
  <i t="LocateByIdentity">
   <j l="55" />
  </i>
  <i t="LockBusinessObject_Oracle">
   <j l="56" />
  </i>
  <i t="Logical operators">
   <j l="15" />
  </i>
  <i t="loop statement">
   <j l="104" />
  </i>
 </g>
 <g t="M" o="002">
  <i t="mapMessageDef">
   <j l="25" />
   <j l="25" />
  </i>
  <i t="max">
   <j l="135" />
  </i>
  <i t="message">
   <j l="26#wp1053230" />
  </i>
  <i t="message object">
   <i t="create">
    <j l="105" />
   </i>
  </i>
  <i t="messageDef">
   <j l="28" />
  </i>
  <i t="min">
   <j l="136" />
  </i>
  <i t="mod">
   <j l="137" />
  </i>
 </g>
 <g t="N" o="002">
  <i t="new">
   <j l="105" />
  </i>
  <i t="new to">
   <j l="106" />
  </i>
  <i t="newRow">
   <j l="28" />
   <j l="29" />
  </i>
 </g>
 <g t="O" o="002">
  <i t="oclAsType">
   <j l="109" />
  </i>
  <i t="oclCommit">
   <j l="110" />
  </i>
  <i t="oclDebugPrintln">
   <j l="111" />
  </i>
  <i t="oclIsKindOf">
   <j l="112" />
  </i>
  <i t="oclLinkObject to">
   <i t="keyword">
    <i t="oclLinkObject to">
     <i t="association class">
      <i t="get single link object">
       <j l="113" />
      </i>
     </i>
    </i>
   </i>
  </i>
  <i t="oclMaxLenOf">
   <i t="metadata">
    <i t="get attribute size">
     <j l="114" />
    </i>
   </i>
  </i>
  <i t="oclPerform">
   <j l="115" />
  </i>
  <i t="oclPrintln">
   <j l="116" />
  </i>
  <i t="oclRollback">
   <j l="117" />
  </i>
  <i t="oclTypeName">
   <j l="118" />
  </i>
  <i t="operation">
   <i t="invocation">
    <j l="9#wp1015281" />
   </i>
  </i>
  <i t="operation invocation">
   <i t="data driven">
    <j l="115" />
   </i>
  </i>
  <i t="orderedBy">
   <i t="asc">
    <j l="103#wp1063113" />
   </i>
   <i t="desc">
    <j l="103#wp1063113" />
   </i>
   <i t="locateAll">
    <j l="103" />
   </i>
  </i>
  <i t="outbound web service">
   <i t="invocation">
    <i t="callOWS at">
     <j l="90" />
     <j l="90" />
    </i>
   </i>
  </i>
  <i t="output">
   <j l="32" />
  </i>
 </g>
 <g t="P" o="002">
  <i t="parent">
   <j l="33" />
  </i>
  <i t="pause">
   <j l="119" />
  </i>
  <i t="POST">
   <i t="callHTTPIWS">
    <j l="87" />
   </i>
  </i>
  <i t="Precedence">
   <j l="12" />
  </i>
  <i t="Println">
   <j l="57" />
  </i>
  <i t="publish do">
   <i t="internal event">
    <j l="120" />
   </i>
   <i t="JMS Message">
    <j l="120" />
   </i>
  </i>
  <i t="PUT">
   <i t="callHTTPIWS">
    <j l="88" />
   </i>
  </i>
 </g>
 <g t="Q" o="002">
  <i t="query">
   <i t="invocation">
    <j l="122" />
   </i>
  </i>
 </g>
 <g t="R" o="002">
  <i t="reject">
   <j l="129#wp1036757" />
  </i>
  <i t="Relational operators">
   <j l="14" />
  </i>
  <i t="ReplicateName_ID">
   <j l="34" />
  </i>
  <i t="return">
   <j l="123" />
  </i>
  <i t="round">
   <j l="138" />
  </i>
  <i t="row">
   <j l="35" />
  </i>
 </g>
 <g t="S" o="002">
  <i t="selectSQL">
   <j l="124" />
  </i>
  <i t="self">
   <j l="36" />
  </i>
  <i t="SendEmail">
   <j l="58" />
  </i>
  <i t="SetExtendedStateData">
   <j l="60" />
  </i>
  <i t="size">
   <j l="139" />
  </i>
  <i t="smPoid">
   <j l="37" />
  </i>
  <i t="SortBusinessObjects">
   <j l="61" />
  </i>
  <i t="sourceState">
   <j l="40" />
  </i>
  <i t="startEvent">
   <j l="41" />
  </i>
  <i t="state">
   <j l="42" />
  </i>
  <i t="state machine">
   <i t="boPoid">
    <j l="17" />
   </i>
   <i t="GetExtendedStateData">
    <j l="52" />
   </i>
   <i t="ReplicateName_ID">
    <j l="34" />
   </i>
   <i t="SetExtendedStateData">
    <j l="60" />
   </i>
   <i t="smPoid">
    <j l="37" />
   </i>
   <i t="sourceState">
    <j l="40" />
   </i>
   <i t="startEvent">
    <j l="41" />
   </i>
   <i t="state">
    <j l="42" />
   </i>
   <i t="targetState">
    <j l="45" />
   </i>
  </i>
  <i t="string">
   <i t="concat">
    <j l="132" />
   </i>
   <i t="oclPrintln">
    <j l="116" />
   </i>
   <i t="size">
    <j l="139" />
   </i>
   <i t="substring">
    <j l="140" />
   </i>
   <i t="toLower">
    <j l="141" />
   </i>
   <i t="toUpper">
    <j l="142" />
   </i>
  </i>
  <i t="substring">
   <j l="140" />
  </i>
  <i t="super">
   <j l="125" />
  </i>
 </g>
 <g t="T" o="002">
  <i t="targetState">
   <j l="45" />
  </i>
  <i t="throw">
   <i t="an exception">
    <j l="127" />
   </i>
  </i>
  <i t="toLower">
   <j l="141" />
  </i>
  <i t="toUpper">
   <j l="142" />
  </i>
  <i t="transaction control">
   <i t="oclCommit">
    <j l="110" />
   </i>
   <i t="oclRollback">
    <j l="117" />
   </i>
  </i>
  <i t="try-catch statement">
   <j l="126" />
  </i>
  <i t="type casting">
   <j l="109" />
  </i>
  <i t="type testing">
   <j l="112" />
  </i>
 </g>
 <g t="W" o="002">
  <i t="WalkAssoc">
   <j l="62" />
  </i>
 </g>
 <g t="X" o="002">
  <i t="xml string">
   <i t="XmlDec">
    <j l="63" />
   </i>
   <i t="XmlEnc">
    <j l="64" />
   </i>
  </i>
  <i t="XmlDec">
   <j l="63" />
  </i>
  <i t="XmlEnc">
   <j l="64" />
  </i>
  <i t="XmlGetBoolean">
   <j l="65" />
  </i>
  <i t="XmlGetByte">
   <j l="66" />
  </i>
  <i t="XmlGetDouble">
   <j l="67" />
  </i>
  <i t="XmlGetFloat">
   <j l="68" />
  </i>
  <i t="XmlGetInteger">
   <j l="69" />
  </i>
  <i t="XmlGetLong">
   <j l="70" />
  </i>
  <i t="XmlGetNodeCount">
   <j l="71" />
  </i>
  <i t="XmlGetNodeFromNodeList">
   <j l="72" />
  </i>
  <i t="XmlGetNodeList">
   <j l="73" />
  </i>
  <i t="XmlGetShort">
   <j l="74" />
  </i>
  <i t="XmlGetString">
   <j l="75" />
  </i>
  <i t="XmlLoad">
   <j l="76" />
  </i>
  <i t="XmlToString">
   <j l="77" />
  </i>
  <i t="xpath">
   <i t="XmlGetBoolean">
    <j l="65" />
   </i>
   <i t="XmlGetByte">
    <j l="66" />
   </i>
   <i t="XmlGetDouble">
    <j l="67" />
   </i>
   <i t="XmlGetFloat">
    <j l="68" />
   </i>
   <i t="XmlGetInteger">
    <j l="69" />
   </i>
   <i t="XmlGetLong">
    <j l="70" />
   </i>
   <i t="XmlGetNodeCount">
    <j l="71" />
   </i>
   <i t="XmlGetNodeFromNodeList">
    <j l="72" />
   </i>
   <i t="XmlGetNodeList">
    <j l="73" />
   </i>
   <i t="XmlGetShort">
    <j l="74" />
   </i>
   <i t="XmlGetString">
    <j l="75" />
   </i>
   <i t="XmlLoad">
    <j l="76" />
   </i>
   <i t="XmlToString">
    <j l="77" />
   </i>
  </i>
  <i t="XSD">
   <i t="CreateInstanceOfXSDType">
    <j l="48" />
   </i>
  </i>
  <i t="xslTransformString">
   <j l="78" />
  </i>
 </g>
 <g t="Symbols" o="003">
  <i t="$">
   <j l="128" />
   <j l="128" />
  </i>
 </g>
</WebWorksHelpIX>
