<?xml version='1.0' encoding='ISO-8859-1' ?>

<WebWorksHelpTOC version="4.0">
 <i t="Preface" l="1">
  <i t="Cogility Studio documentation" l="2" />
 </i>
 <i t="Action semantics" l="3">
  <i t="Action semantics as a language" l="4" />
  <i t="Basic syntax information" l="5" />
  <i t="Variable declarations" l="6" />
  <i t="Variable assignments" l="7" />
  <i t="Class attributes" l="8" />
  <i t="Class operations" l="9">
   <i t="Method body" l="9#wp1015201" />
   <i t="Operation invocation" l="9#wp1015281" />
  </i>
  <i t="Actions that require the application server" l="10" />
 </i>
 <i t="Operators" l="11">
  <i t="Precedence" l="12" />
  <i t="Arithmetic operators" l="13" />
  <i t="Relational operators" l="14" />
  <i t="Logical operators" l="15" />
 </i>
 <i t="Bound Variables" l="16">
  <i t="boPoid" l="17" />
  <i t="dos" l="18" />
  <i t="drilledDownFromCat1Name" l="19" />
  <i t="drilledDownFromCat2Name" l="20" />
  <i t="drilledDownFromChartName" l="21" />
  <i t="drilledDownFromFullChartName" l="22" />
  <i t="event" l="23" />
  <i t="input" l="24" />
  <i t="jmsMapMessage" l="25" />
  <i t="linkObject" l="26" />
  <i t="message" l="27" />
  <i t="messageContext" l="28" />
  <i t="newRow" l="29" />
  <i t="oclTypeNameForSelf" l="30" />
  <i t="oldRow" l="31" />
  <i t="output" l="32" />
  <i t="parent" l="33" />
  <i t="&lt;ReplicateName&gt;_ID" l="34" />
  <i t="row" l="35" />
  <i t="self" l="36" />
  <i t="smPoid" l="37" />
  <i t="sourceObject" l="38" />
  <i t="sourceRoleName" l="39" />
  <i t="sourceState" l="40" />
  <i t="startEvent" l="41" />
  <i t="state" l="42" />
  <i t="targetObject" l="43" />
  <i t="targetRoleName" l="44" />
  <i t="targetState" l="45" />
 </i>
 <i t="Java actions" l="46">
  <i t="CreateInstanceOfClass" l="47" />
  <i t="CreateInstanceOfXSDType" l="48" />
  <i t="DebugPrintln" l="49" />
  <i t="DumpDataToFile" l="50" />
  <i t="ExecuteOCLScript" l="51" />
  <i t="GetExtendedStateData" l="52" />
  <i t="InvokeDelegatedOperation" l="53" />
  <i t="InvokeOperation" l="54" />
  <i t="LocateByIdentity" l="55" />
  <i t="LockBusinessObject_Oracle" l="56" />
  <i t="Println" l="57" />
  <i t="SendEmail" l="58" />
  <i t="SetAttributeValuesOfInstance" l="59" />
  <i t="SetExtendedStateData" l="60" />
  <i t="SortBusinessObjects" l="61" />
  <i t="WalkAssoc" l="62" />
  <i t="XmlDec" l="63" />
  <i t="XmlEnc" l="64" />
  <i t="XmlGetBoolean" l="65" />
  <i t="XmlGetByte" l="66" />
  <i t="XmlGetDouble" l="67" />
  <i t="XmlGetFloat" l="68" />
  <i t="XmlGetInteger" l="69" />
  <i t="XmlGetLong" l="70" />
  <i t="XmlGetNodeCount" l="71" />
  <i t="XmlGetNodeFromNodeList" l="72" />
  <i t="XmlGetNodeList" l="73" />
  <i t="XmlGetShort" l="74" />
  <i t="XmlGetString" l="75" />
  <i t="XmlLoad" l="76" />
  <i t="XmlToString" l="77" />
  <i t="xslTransformString" l="78" />
  <i t="Custom Java actions" l="79" />
  <i t="Extending JavaAction" l="80" />
  <i t="Defining buildInputPins()" l="81" />
  <i t="Defining buildOutputPins()" l="82" />
  <i t="Defining execute()" l="83" />
 </i>
 <i t="Reserved keywords" l="84">
  <i t="callHTTPIWS DELETE at" l="85" />
  <i t="callHTTPIWS GET at" l="86" />
  <i t="callHTTPIWS POST at" l="87" />
  <i t="callHTTPIWS PUT at" l="88" />
  <i t="callIWS" l="89" />
  <i t="callOWS at" l="90" />
  <i t="callOWS with" l="91" />
  <i t="callXIWS at" l="92" />
  <i t="countAll" l="93" />
  <i t="del" l="94" />
  <i t="del to" l="95" />
  <i t="deleteAll" l="96" />
  <i t="dump" l="97" />
  <i t="executeSQL" l="98" />
  <i t="if elseif else endif" l="99" />
  <i t="isAssociated" l="100" />
  <i t="java" l="101" />
  <i t="locate" l="102" />
  <i t="locateAll orderedBy" l="103" />
  <i t="loop do endloop" l="104" />
  <i t="new" l="105" />
  <i t="new to" l="106" />
  <i t="oclAsArray" l="107" />
  <i t="oclAsList" l="108" />
  <i t="oclAsType" l="109" />
  <i t="oclCommit" l="110" />
  <i t="oclDebugPrintln" l="111" />
  <i t="oclIsKindOf" l="112" />
  <i t="oclLinkObject to" l="113" />
  <i t="oclMaxLenOf" l="114" />
  <i t="oclPerform" l="115" />
  <i t="oclPrintln" l="116" />
  <i t="oclRollback" l="117" />
  <i t="oclTypeName" l="118" />
  <i t="pause" l="119" />
  <i t="publish do" l="120" />
  <i t="publishJMS do" l="121" />
  <i t="query" l="122" />
  <i t="return" l="123" />
  <i t="selectSQL" l="124" />
  <i t="super" l="125" />
  <i t="try catch endtry" l="126" />
  <i t="throw" l="127" />
  <i t="$" l="128" />
  <i t="Collection operations" l="129">
   <i t="collect" l="129#wp1036618" />
   <i t="detect" l="129#wp1036653" />
   <i t="exists" l="129#wp1036680" />
   <i t="forAll" l="129#wp1036699" />
   <i t="iterate" l="129#wp1036723" />
   <i t="reject" l="129#wp1036757" />
   <i t="select" l="129#wp1036787" />
  </i>
 </i>
 <i t="Functions" l="130">
  <i t="abs" l="131" />
  <i t="concat" l="132" />
  <i t="div" l="133" />
  <i t="floor" l="134" />
  <i t="max" l="135" />
  <i t="min" l="136" />
  <i t="mod" l="137" />
  <i t="round" l="138" />
  <i t="size" l="139" />
  <i t="substring" l="140" />
  <i t="toLower" l="141" />
  <i t="toUpper" l="142" />
 </i>
 <i t="Queries" l="143">
  <i t="Direct SQL" l="144">
   <i t="DirectSQLString" l="144#wp1002252" />
   <i t="SQL operators" l="144#wp1008299" />
   <i t="Escape characters" l="144#wp1008060" />
   <i t="Limitations" l="144#wp1001643" />
  </i>
  <i t="Custom queries" l="145">
   <i t="Expression syntax" l="145#wp1004228" />
   <i t="Shorthand for SQL statements" l="145#wp1004521" />
   <i t="Outer join" l="145#wp1007352" />
   <i t="Alias" l="145#wp1006932" />
   <i t="Query execution action semantics" l="145#wp1007774" />
   <i t="Example" l="145#wp1009941" />
  </i>
 </i>
 <i t="Special" l="146">
  <i t="CreateAndProcessBatch" l="147">
   <i t="Processing" l="147#wp1015132" />
  </i>
  <i t="BatchFromPoid" l="148" />
  <i t="Running the batch processing scripts" l="149" />
  <i t="Global data user cache" l="150">
   <i t="Methods" l="150#wp1004708" />
   <i t="Example" l="150#wp1016420" />
  </i>
  <i t="Busness Object Methods" l="151">
   <i t="JSON Support" l="151#wp1016920" />
  </i>
 </i>
</WebWorksHelpTOC>
