<?xml version='1.0' encoding='ISO-8859-1' ?>

<WebWorksHelpIX version="4.0">
 <g t="A" o="002">
  <i t="aspect differences">
   <j l="17#wp1062933" />
   <j l="29" />
  </i>
  <i t="aspects">
   <i t="associations">
    <j l="9#wp1043505" />
   </i>
   <i t="attributes">
    <j l="9#wp1043493" />
   </i>
   <i t="change aspects">
    <j l="29#wp1051897" />
   </i>
   <i t="conflict aspects">
    <j l="30#wp1054077" />
   </i>
   <i t="content">
    <j l="9#wp1043513" />
   </i>
   <i t="in the User Modification View">
    <j l="9#wp1043462" />
   </i>
   <i t="superclass">
    <j l="9#wp1043516" />
   </i>
  </i>
  <i t="association aspect differences">
   <j l="9#wp1043505" />
  </i>
  <i t="attribute aspect differences">
   <j l="9#wp1043493" />
  </i>
 </g>
 <g t="C" o="002">
  <i t="com.cogility.ImportExport.ModelRoot.">
   <j l="20#wp1061048" />
  </i>
  <i t="com.cogility.ImportExport.PrefersSingleFileOptions">
   <j l="19#wp1061799" />
  </i>
  <i t="compressed XML">
   <j l="20#wp1061814" />
  </i>
  <i t="configuration parameters">
   <i t="com.cogility.ImportExport.ModelRoot.">
    <j l="20#wp1061048" />
   </i>
   <i t="com.cogility.ImportExport.PrefersSingleFileOptions">
    <j l="19#wp1061799" />
   </i>
  </i>
  <i t="conflicts">
   <i t="versioning">
    <j l="30#wp1066367" />
   </i>
  </i>
  <i t="conflicts and differences view">
   <j l="23#wp1060707" />
   <j l="23#wp1048385" />
  </i>
  <i t="Conflicts and Differences view">
   <j l="26#wp1055498" />
  </i>
  <i t="containment conflicts">
   <j l="30#wp1035310" />
  </i>
  <i t="content aspect differences">
   <j l="9#wp1043513" />
  </i>
  <i t="Current Model">
   <j l="26#wp1055498" />
  </i>
 </g>
 <g t="D" o="002">
  <i t="differences">
   <i t="aspect">
    <j l="29" />
   </i>
   <i t="element">
    <j l="27" />
   </i>
  </i>
 </g>
 <g t="E" o="002">
  <i t="element differences">
   <j l="27" />
  </i>
  <i t="element revision history">
   <j l="17" />
   <j l="17#wp1046070" />
  </i>
 </g>
 <g t="F" o="002">
  <i t="force versioning">
   <j l="10#wp1062763" />
   <j l="12" />
   <j l="12#wp1062804" />
  </i>
 </g>
 <g t="G" o="002">
  <i t="genealogical order">
   <j l="17#wp1062849" />
  </i>
 </g>
 <g t="H" o="002">
  <i t="head revision">
   <j l="18#wp1042423" />
  </i>
 </g>
 <g t="I" o="002">
  <i t="immutable">
   <j l="6#wp1043035" />
  </i>
  <i t="inverse chronological order">
   <j l="17#wp1062849" />
  </i>
 </g>
 <g t="M" o="002">
  <i t="modified version">
   <j l="16#wp1045229" />
  </i>
  <i t="mutable">
   <j l="6#wp1042796" />
  </i>
 </g>
 <g t="P" o="002">
  <i t="Place Model Under CM button">
   <j l="4#wp1046035" />
  </i>
 </g>
 <g t="R" o="002">
  <i t="replace model elements">
   <j l="24#wp1055528" />
  </i>
  <i t="revisions">
   <i t="viewing conflicts and differences">
    <j l="23#wp1060707" />
    <j l="23#wp1048385" />
   </i>
  </i>
 </g>
 <g t="S" o="002">
  <i t="superclass aspect differences">
   <j l="9#wp1043516" />
  </i>
  <i t="Sync Dividers checkbox">
   <j l="26#wp1055498" />
  </i>
 </g>
 <g t="T" o="002">
  <i t="turn-over version">
   <j l="17#wp1062859" />
   <j l="18#wp1042236" />
  </i>
 </g>
 <g t="U" o="002">
  <i t="User Modifications view.">
   <j l="6#wp1058877" />
  </i>
 </g>
 <g t="V" o="002">
  <i t="version">
   <j l="10#wp1045045" />
  </i>
  <i t="version compare">
   <j l="23" />
  </i>
  <i t="version conflict">
   <j l="30" />
   <j l="30#wp1066379" />
  </i>
  <i t="version history">
   <j l="17" />
   <j l="17#wp1046070" />
  </i>
  <i t="versioning a model">
   <j l="13#wp1045256" />
  </i>
  <i t="versioning conflict">
   <j l="30#wp1066367" />
  </i>
 </g>
</WebWorksHelpIX>
