<?xml version='1.0' encoding='ISO-8859-1' ?>

<WebWorksHelpTOC version="4.0">
 <i t="Preface" l="1">
  <i t="Cogility Studio documentation" l="2" />
 </i>
 <i t="Change management" l="3">
  <i t="Base-line model" l="4">
   <i t="Importing a base-line for updating" l="4#wp1040097" />
   <i t="Placing a model under change management" l="4#wp1058261" />
  </i>
  <i t="Change management preferences" l="5">
   <i t="Setting change management preferences" l="5#wp1059961" />
  </i>
 </i>
 <i t="User modifications" l="6">
  <i t="Viewing user modifications" l="7" />
  <i t="Element differences" l="8">
   <i t="Reverting elements" l="8#wp1061652" />
   <i t="Reverting to the parent version" l="8#wp1043200" />
  </i>
  <i t="Aspect differences" l="9">
   <i t="Attribute change aspects" l="9#wp1043493">
    <i t="Reverting attribute aspect changes" l="9#wp1044102" />
   </i>
   <i t="Association change aspects" l="9#wp1043505">
    <i t="Reverting association aspect changes" l="9#wp1044343" />
   </i>
   <i t="Content change aspects" l="9#wp1043513">
    <i t="Reverting content aspect changes" l="9#wp1044834" />
   </i>
   <i t="Superclass change aspects" l="9#wp1043516">
    <i t="Reverting superclass aspect changes" l="9#wp1047787" />
   </i>
  </i>
 </i>
 <i t="Versions" l="10">
  <i t="Versioning specific artifacts" l="11" />
  <i t="Forcing versioning" l="12" />
  <i t="Versioning an entire model" l="13" />
  <i t="Revising version information" l="14" />
  <i t="Duplicate elements and containers" l="15">
   <i t="Duplicating elements or containers" l="15#wp1063103" />
  </i>
  <i t="Modified model" l="16" />
  <i t="Version history" l="17">
   <i t="Viewing element revision history" l="17#wp1046084" />
   <i t="Working with model version history" l="17#wp1046294" />
   <i t="Viewing turn-over version element history" l="17#wp1046279" />
  </i>
  <i t="Turn-over version" l="18">
   <i t="Turning over a model or model artifacts" l="18#wp1060293" />
  </i>
 </i>
 <i t="Model comparison" l="19">
  <i t="Model export" l="20">
   <i t="Single file format" l="20#wp1060903">
    <i t="Exporting as a single file" l="20#wp1060905" />
   </i>
   <i t="File set format" l="20#wp1060986" />
   <i t="Configured file set" l="20#wp1060991" />
   <i t="Exporting to a configured file set" l="20#wp1046815" />
  </i>
  <i t="Model import" l="21">
   <i t="Single file format import" l="21#wp1061291">
    <i t="Importing from a single file" l="21#wp1062022" />
    <i t="Importing from an R2.x formatted file" l="21#wp1062034" />
    <i t="Importing a single file model into the current context" l="21#wp1062046" />
    <i t="Importing a single file model for comparison" l="21#wp1062098" />
   </i>
   <i t="File set format import" l="21#wp1061945">
    <i t="Importing from a configured file set" l="21#wp1061942" />
    <i t="Importing from a selected file set" l="21#wp1061876" />
    <i t="Merging changes to an imported model" l="21#wp1062263" />
   </i>
  </i>
  <i t="Repository model import" l="22">
   <i t="Adding a model from the repository" l="22#wp1055734" />
  </i>
  <i t="Version comparison" l="23">
   <i t="Compare options" l="23#wp1067322" />
   <i t="Comparing versions" l="23#wp1060734" />
  </i>
  <i t="Model element replacement" l="24">
   <i t="Replacing model elements" l="24#wp1056090" />
  </i>
  <i t="Difference report" l="25">
   <i t="Creating a differences report file" l="25#wp1060819" />
  </i>
 </i>
 <i t="Differences and conflicts" l="26">
  <i t="Element differences" l="27">
   <i t="Added elements" l="27#wp1048676">
    <i t="Adding elements" l="27#wp1048706" />
   </i>
   <i t="Removed elements" l="27#wp1049563">
    <i t="Removing elements" l="27#wp1049570" />
   </i>
   <i t="Replaced elements" l="27#wp1049626">
    <i t="Replacing elements" l="27#wp1050966" />
   </i>
  </i>
  <i t="CHANGED elements" l="28">
   <i t="Attribute values" l="28#wp1050782">
    <i t="Applying all attribute values" l="28#wp1051467" />
   </i>
   <i t="Association targets" l="28#wp1066242">
    <i t="Setting association targets" l="28#wp1052109" />
   </i>
   <i t="Merge all" l="28#wp1052082">
    <i t="Merging all element differences" l="28#wp1053219" />
   </i>
  </i>
  <i t="Aspect differences" l="29">
   <i t="Attribute values" l="29#wp1049116">
    <i t="Applying attribute values" l="29#wp1051631" />
   </i>
   <i t="Associations" l="29#wp1051610">
    <i t="Merging association targets" l="29#wp1061185" />
   </i>
   <i t="Superclass aspect differences" l="29#wp1052952">
    <i t="Replacing superclass elements" l="29#wp1053412" />
   </i>
   <i t="Content aspect differences" l="29#wp1052097">
    <i t="Replacing element contents" l="29#wp1053607" />
   </i>
  </i>
  <i t="Conflicts" l="30">
   <i t="Version conflicts" l="30#wp1053876">
    <i t="Resolving version conflicts" l="30#wp1053849" />
   </i>
   <i t="Aspect conflicts" l="30#wp1053900">
    <i t="Resolving aspect conflicts" l="30#wp1054143" />
   </i>
   <i t="Containment conflicts" l="30#wp1035310">
    <i t="Resolving containment conflicts" l="30#wp1054632" />
   </i>
   <i t="Action semantics conflicts" l="30#wp1066492">
    <i t="Merging action semantics" l="30#wp1066575" />
   </i>
  </i>
 </i>
</WebWorksHelpTOC>
