<?xml version='1.0' encoding='ISO-8859-1' ?>

<WebWorksHelpTOC version="4.0">
 <i t="Preface" l="1">
  <i t="About this book" l="2" />
  <i t="Cogility Studio documentation" l="3" />
 </i>
 <i t="Set up a Cogility project" l="4">
  <i t="Installation" l="5" />
  <i t="Project configuration" l="6">
   <i t="Setting up a basic project" l="6#wp1004573" />
  </i>
  <i t="Authoring repository" l="7">
   <i t="Configuring an authoring repository" l="7#wp1004743" />
   <i t="Loading the authoring repository" l="7#wp1004899" />
  </i>
 </i>
 <i t="Model development" l="8">
  <i t="Model container" l="9">
   <i t="Creating a model" l="9#wp1005033" />
  </i>
  <i t="Information model" l="10">
   <i t="Class diagrams" l="10#wp1005132" />
   <i t="Class attributes" l="10#wp1005200" />
   <i t="Class associations" l="10#wp1005691" />
  </i>
  <i t="Behavior model" l="11" />
  <i t="Events" l="12" />
  <i t="Messages" l="13" />
  <i t="Web services" l="14" />
  <i t="Transformations" l="15" />
  <i t="Business logic" l="16" />
  <i t="Change management" l="17" />
 </i>
 <i t="Deployment &amp; execution" l="18">
  <i t="Deployment model" l="19" />
  <i t="Push" l="20" />
  <i t="Cogility Insight" l="21" />
  <i t="Cogility Message Traffic Viewer" l="22" />
  <i t="Cogility Web Service Exerciser" l="23" />
  <i t="Cogility WatchDog" l="24" />
 </i>
</WebWorksHelpTOC>
