<?xml version='1.0' encoding='ISO-8859-1' ?>

<WebWorksHelpTOC version="4.0">
 <i t="Preface" l="1">
  <i t="Cogility Studio documentation" l="2" />
 </i>
 <i t="Cogility Studio" l="3">
  <i t="Hardware requirements" l="4" />
  <i t="Software requirements" l="5">
   <i t="Operating system" l="5#wp999470" />
   <i t="Database" l="5#wp999475" />
   <i t="Application server" l="5#wp999504" />
   <i t="Java" l="5#wp999565" />
  </i>
  <i t="Installing Cogility Studio" l="6" />
  <i t="Configuration parameters" l="7" />
  <i t="Creating the repositories" l="8">
   <i t="Loading the default authoring repository" l="8#wp1004048" />
   <i t="Creating a user for the run-time repository" l="8#wp1003569" />
  </i>
  <i t="Verifying your installation" l="9" />
  <i t="Uninstalling Cogility Studio" l="10" />
 </i>
 <i t="Application servers" l="11">
  <i t="BEA WebLogic" l="12">
   <i t="Installation" l="12#wp1009398" />
   <i t="WebLogic environment variables" l="12#wp1020307" />
   <i t="Running the WebLogic server as a Windows service" l="12#wp1023237">
    <i t="Defining the output log file" l="12#wp1020134" />
   </i>
  </i>
  <i t="IBM WebSphere" l="13">
   <i t="Scripted configuration" l="13#wp1014559" />
   <i t="Manual configuration" l="13#wp1014672" />
   <i t="Configure WebSphere connections" l="13#wp1014720" />
   <i t="WebSphere environment variables" l="13#wp1014823" />
   <i t="Insight and WebSphere conflicts" l="13#wp1014232" />
   <i t="Watchdog" l="13#wp1010934" />
  </i>
  <i t="Oracle Application Server (Standalone Mode)" l="14">
   <i t="Install and Configure OC4J" l="14#wp1016157" />
  </i>
 </i>
 <i t="Databases" l="15">
  <i t="IBM DB2" l="16">
   <i t="Installation" l="16#wp1006364" />
   <i t="Creating the table space" l="16#wp1006183" />
   <i t="Adding the user" l="16#wp1006551" />
   <i t="PM metamodel file" l="16#wp1007300" />
  </i>
  <i t="Microsoft SQL Server" l="17">
   <i t="Installation" l="17#wp1007584" />
   <i t="Creating the database" l="17#wp1007673" />
  </i>
  <i t="MySQL" l="18">
   <i t="Installation" l="18#wp1006737" />
   <i t="Creating the user and database" l="18#wp1006863" />
  </i>
  <i t="Oracle" l="19">
   <i t="Oracle 10g" l="19#wp1012568" />
   <i t="Oracle 9i" l="19#wp1012564" />
  </i>
 </i>
</WebWorksHelpTOC>
